"GEOID","municipality","county","population","pct_white","pct_black","pct_natam","pct_asian","pct_pacis","pct_other","pct_multi","racial_diversity","racial_diversity_rank","state_racial_diversity","more_racial_diverse_than_state","pct_not_hispanic","pct_hispanic"
"3401736000","Jersey City city","Hudson",265932,0.354071717581938,0.239865830362649,0.00390701382308259,0.253922055262247,0.000575335048057398,0.11568370861724,0.0319743393047847,0.738200517503562,1,0.506946901786414,1,0.711817306679903,0.288182693320097
"3400102080","Atlantic City city","Atlantic",39075,0.319744081893794,0.362380038387716,0.00350607805502239,0.182264875239923,0,0.0902623160588612,0.0418426103646833,0.723313562800019,2,0.506946901786414,1,0.707306461932182,0.292693538067818
"3403157000","Paterson city","Passaic",147890,0.299716005138955,0.277686118060721,0.00112921766177564,0.039204814389073,0,0.327513692609372,0.0547501521401041,0.721259645490114,3,0.506946901786414,1,0.392690513219285,0.607309486780715
"3400757660","Pennsauken township","Camden",35863,0.438251122326632,0.265956556897081,0.00482391322532973,0.0738365446281683,0.00125477511641525,0.180074171151326,0.0358029166550484,0.698017827744026,4,0.506946901786414,1,0.681259236539051,0.318740763460949
"3400328680","Hackensack city","Bergen",44673,0.458308150336893,0.252501510979786,0.00436505271640588,0.104649340765115,0,0.146889620128489,0.0332863250733105,0.692541548141533,5,0.506946901786414,1,0.618472007700401,0.381527992299599
"3400740440","Lindenwold borough","Camden",17481,0.395286310851782,0.340369544076426,0,0.014701676105486,0,0.19529775184486,0.0543447171214461,0.686586606483417,6,0.506946901786414,1,0.724100451919227,0.275899548080773
"3403553280","North Plainfield borough","Somerset",22092,0.460483432916893,0.20532319391635,0.000814774579033134,0.061787072243346,0,0.239588991490132,0.0320025348542459,0.683552040814687,7,0.506946901786414,1,0.529105558573239,0.470894441426761
"3402359010","Piscataway township","Middlesex",57695,0.362821734985701,0.198422740272121,0.00185458011959442,0.380344917237196,0.000901291273073923,0.0244735245688535,0.0311812115434613,0.68275107554518,8,0.506946901786414,1,0.886575959788543,0.113424040211457
"3400710000","Camden city","Camden",75550,0.212177365982793,0.453964262078094,0.00631369953673064,0.0317670416942422,0.000701522170747849,0.259364659166115,0.0357114493712773,0.679302380206743,9,0.506946901786414,1,0.515168762409001,0.484831237590999
"3400321480","Englewood city","Bergen",28509,0.457855414079764,0.307657231049844,0.00277105475463889,0.123294398260199,0,0.06962713529061,0.0387947665649444,0.674153288712187,10,0.506946901786414,1,0.754849345820618,0.245150654179382
"3403959190","Plainfield city","Union",51097,0.220482611503611,0.408086580425465,0.00923733291582676,0.0099418752568644,0.0014677965438284,0.332289566902166,0.0184942364522379,0.673908044217502,11,0.506946901786414,1,0.563947002759458,0.436052997240542
"3403524900","Franklin township","Somerset",65999,0.450325004924317,0.270519250291671,0.0064849467416173,0.224912498674222,0.000181820936680859,0.0250912892619585,0.0224851891695329,0.672263848979752,12,0.506946901786414,1,0.863982787617994,0.136017212382006
"3403921000","Elizabeth city","Union",129363,0.466269335126736,0.191600380325132,0.00432890393698353,0.0179031098536676,0,0.2834504456452,0.0364478251122809,0.66387034153613,13,0.506946901786414,1,0.358873866561536,0.641126133438464
"3400159640","Pleasantville city","Atlantic",20568,0.420653442240373,0.388807856865033,0.00218786464410735,0.0191073512252042,0.00136133800077791,0.120040840140023,0.0478413068844807,0.654808807161711,14,0.506946901786414,1,0.544437961882536,0.455562038117464
"3400305170","Bergenfield borough","Bergen",27694,0.493536506102405,0.0785729760959052,0.000974940420307648,0.28367155340507,0,0.121109265544883,0.0221347584314292,0.654620102119956,15,0.506946901786414,1,0.737271611179317,0.262728388820683
"3401730210","Harrison town","Hudson",15898,0.500754811926028,0.0362938734432004,0.00415146559315637,0.223864637061266,0,0.210592527361932,0.0243426846144169,0.65285298381535,16,0.506946901786414,1,0.564599320669267,0.435400679330733
"3401107600","Bridgeton city","Cumberland",24948,0.473544973544974,0.302268718935386,0.0107423440756774,0.00360750360750361,0,0.181417348084015,0.0284191117524451,0.650540467446298,17,0.506946901786414,1,0.486892736892737,0.513107263107263
"3403974480","Union township","Union",58499,0.490418639634866,0.305971042240038,0.00350433340740867,0.10408724935469,0.000102565855826595,0.0777962016444726,0.0181199678626985,0.648644250632969,18,0.506946901786414,1,0.836612591668234,0.163387408331766
"3403961530","Rahway city","Union",29443,0.494277077743436,0.293482321774276,0.00081513432734436,0.0376320347790646,0,0.136331216248344,0.0374622151275346,0.64815184465179,19,0.506946901786414,1,0.674795367319906,0.325204632680094
"3401351000","Newark city","Essex",282803,0.252882748768577,0.501196946284162,0.00553742357754338,0.0174609180242077,0.000265202278617978,0.195924371382199,0.0267323896846922,0.645415339400541,20,0.506946901786414,1,0.636160153888042,0.363839846111958
"3402352560","North Brunswick township","Middlesex",42591,0.506233711347468,0.187833110281515,0.00321664201357094,0.249630203564133,0.000281749665422272,0.0371909558357399,0.0156136272921509,0.644493534923959,21,0.506946901786414,1,0.805287502054425,0.194712497945575
"3402310750","Carteret borough","Middlesex",24040,0.530657237936772,0.153577371048253,0.00228785357737105,0.233194675540765,0,0.0502911813643927,0.0299916805324459,0.637003192128482,22,0.506946901786414,1,0.65648918469218,0.34351081530782
"3403964620","Roselle borough","Union",21746,0.258990159109721,0.510852570587694,0,0.0157270302584383,0.00027591281155155,0.188678377632668,0.0254759495999264,0.635457778805523,23,0.506946901786414,1,0.691437505748184,0.308562494251816
"3402501960","Asbury Park city","Monmouth",15830,0.372520530638029,0.467845862286797,0.00953885028427037,0.00663297536323437,0,0.123815540113708,0.0196462413139608,0.626497454595954,24,0.506946901786414,1,0.698357548957675,0.301642451042325
"3402320230","Edison township","Middlesex",102304,0.363543947450735,0.0712973099781045,0.00250234594932749,0.490156787613388,0,0.0398420394119487,0.0326575695964967,0.619838648726644,25,0.506946901786414,1,0.904187519549578,0.0958124804504223
"3400508950","Burlington township","Burlington",22713,0.533262889094351,0.294280808347642,0.000704442389820807,0.0765200545942852,0,0.0335930964645798,0.0616387091093207,0.618245855368069,26,0.506946901786414,1,0.897151411086162,0.102848588913838
"3400372360","Teaneck township","Bergen",40977,0.543622031871538,0.276276935842058,0.00165946750616199,0.0849256900212314,0.00024403933914147,0.0706005808136272,0.0226712546062425,0.615432527175756,27,0.506946901786414,1,0.808721965980916,0.191278034019084
"3403931980","Hillside township","Union",22069,0.258008971860981,0.550591327201051,0.00104218587158458,0.0417780597217817,0.00144999773437854,0.116543567900675,0.0305858897095473,0.614014066062943,28,0.506946901786414,1,0.826725270741764,0.173274729258236
"3403940350","Linden city","Union",42230,0.536514326308312,0.299502723182572,0.00312573999526403,0.039332228273739,0.00111295287710159,0.0917830925882074,0.0286289367748046,0.611648711270649,29,0.506946901786414,1,0.697774094245797,0.302225905754203
"3402368790","South Brunswick township","Middlesex",45602,0.448072452962589,0.089930266216394,0.00225867286522521,0.423446340072804,0.000328932941537652,0.0171702995482654,0.0187930353931845,0.611183614027425,30,0.506946901786414,1,0.931581948160168,0.0684180518398316
"3403156550","Passaic city","Passaic",71057,0.569472395400875,0.0990753901797149,0.0113852259453678,0.0337616279887977,0.000774026485779023,0.245802665465753,0.0397286685337124,0.602617870472314,31,0.506946901786414,1,0.268066481838524,0.731933518161476
"3400508920","Burlington city","Burlington",9835,0.540315200813421,0.310523640061007,0.00183019827147941,0.032536858159634,0.00366039654295882,0.0143365531265887,0.096797153024911,0.60098393187647,32,0.506946901786414,1,0.892221657346213,0.107778342653787
"3402382000","Woodbridge township","Middlesex",101639,0.569633703598028,0.115398616672734,0.00125935910428084,0.245771800194807,0.0000787099440175523,0.0413620755812237,0.0264957349049085,0.59938238777907,33,0.506946901786414,1,0.811332264189927,0.188667735810073
"3400340020","Leonia borough","Bergen",9191,0.486562942008487,0.0280709389620281,0.000652812534000653,0.40985746926341,0,0.0193667718420194,0.0554890653900555,0.591030846345182,34,0.506946901786414,1,0.830595147426831,0.169404852573169
"3401304695","Belleville township","Essex",36383,0.60943297693978,0.104526839457989,0.000494736552785642,0.111123326828464,0,0.133249044883599,0.0411730753373828,0.58586641782643,35,0.506946901786414,1,0.55569909023445,0.44430090976555
"3401379800","West Orange township","Essex",47609,0.576907727530509,0.27412884118549,0.0015333235312651,0.0808040496544771,0.0000840177277405533,0.0346573126929782,0.03188472767754,0.583281434583121,36,0.506946901786414,1,0.801193051733916,0.198806948266084
"3402174000","Trenton city","Mercer",84867,0.396231750857224,0.504766281357889,0.00181460402747829,0.0143165187882216,0,0.0694027124795268,0.0134681324896603,0.583005018226482,37,0.506946901786414,1,0.640378474554303,0.359621525445697
"3400781740","Winslow township","Camden",39317,0.534298140753364,0.357275478800519,0.00297581198972455,0.0237047587557545,0,0.0353027952285271,0.0464430144721113,0.582905717046488,38,0.506946901786414,1,0.893481191342168,0.106518808657832
"3401728650","Guttenberg town","Hudson",11733,0.583738174379954,0.0334952697519816,0.00579561919372709,0.0744055228841728,0,0.263530213926532,0.0390351998636325,0.581586119157737,39,0.506946901786414,1,0.341515383959772,0.658484616040228
"3400355770","Palisades Park borough","Bergen",20716,0.298127051554354,0.0199362811353543,0.00502027418420545,0.567484070283839,0.00144815601467465,0.0910890133230353,0.0168951535045376,0.580074680931253,40,0.506946901786414,1,0.789293299864839,0.210706700135161
"3402359280","Plainsboro township","Middlesex",23487,0.356622812619747,0.0542853493421893,0.00975007450930302,0.53995827479031,0,0.0203516839102482,0.0190318048282028,0.577446867265511,41,0.506946901786414,1,0.968322902030911,0.0316770979690893
"3402549890","Neptune township","Monmouth",27728,0.543602135025967,0.352207155222158,0,0.0292123485285632,0.00205568378534334,0.0353433352567801,0.0375793421811887,0.576927893157302,42,0.506946901786414,1,0.914057991921523,0.0859420080784766
"3402718070","Dover town","Morris",18307,0.565630633091167,0.0648385863330966,0.00213033265963839,0.0270934615174523,0,0.316764079313924,0.0235429070847217,0.574225600239375,43,0.506946901786414,1,0.303490468126946,0.696509531873054
"3400324420","Fort Lee borough","Bergen",37058,0.504641372982892,0.0259053375789303,0.00342706028387932,0.414188569269793,0.000755572346052134,0.020940147876302,0.0301419396621512,0.571754485293668,44,0.506946901786414,1,0.868989152139889,0.131010847860111
"3400578200","Westampton township","Burlington",8730,0.60389461626575,0.22348224513173,0,0.0544100801832761,0,0.0150057273768614,0.103207331042383,0.571529596695573,45,0.506946901786414,1,0.878923253150057,0.121076746849943
"3402369390","South Plainfield borough","Middlesex",24154,0.619027904280864,0.111617123457812,0,0.168750517512627,0,0.0751014324749524,0.0255030222737435,0.56957870500698,46,0.506946901786414,1,0.834892771383622,0.165107228616378
"3403964650","Roselle Park borough","Union",13709,0.621927201108761,0.093515208986797,0.00262601210883361,0.0834488292362681,0,0.170909621416588,0.0275731271427529,0.567520483135488,47,0.506946901786414,1,0.727843022831716,0.272156977168284
"3401779610","West New York town","Hudson",53345,0.59531352516637,0.0338738400974787,0.00217452432280439,0.0620489267972631,0.00193082763145562,0.268853688255694,0.0358046677289343,0.567031563823106,48,0.506946901786414,1,0.2305183241166,0.769481675883401
"3400320020","Edgewater borough","Bergen",12165,0.553555281545417,0.0517879161528977,0.00131524866420058,0.356596794081381,0.00361693382655158,0.0176736539251952,0.0154541718043568,0.563167286906015,49,0.506946901786414,1,0.864611590628853,0.135388409371147
"3401582120","Woodbury city","Gloucester",9980,0.597695390781563,0.272945891783567,0,0.0093186372745491,0,0.056312625250501,0.0637274549098196,0.560941622724407,50,0.506946901786414,1,0.888276553106212,0.111723446893788
"3401306260","Bloomfield township","Essex",48892,0.624785240939213,0.186983555591917,0.000449971365458562,0.0943303607952221,0.000306798658267201,0.0654299271864518,0.0277141454634705,0.560732889844936,51,0.506946901786414,1,0.71772478115029,0.28227521884971
"3401343800","Maplewood township","Essex",24706,0.565530640330284,0.341819800858091,0.00153808791386708,0.0278474864405408,0,0.0229903667125395,0.0402736177446774,0.560405949125645,52,0.506946901786414,1,0.920990852424512,0.0790091475754877
"3400129280","Hamilton township","Atlantic",26663,0.628436410006376,0.194576754303717,0.0111390316168473,0.0680343547237745,0.000787608296140719,0.0548700446311368,0.042155796422008,0.557666360518263,53,0.506946901786414,1,0.845441248171624,0.154558751828376
"3402562430","Red Bank borough","Monmouth",12220,0.617266775777414,0.133960720130933,0,0.0225040916530278,0,0.207528641571195,0.0187397708674304,0.55711050275768,54,0.506946901786414,1,0.633387888707038,0.366612111292962
"3402180240","West Windsor township","Mercer",28289,0.47785358266464,0.0269009155502139,0,0.466471066492276,0,0.00682243981759695,0.0219519954752731,0.552808602612276,55,0.506946901786414,1,0.969811587542861,0.0301884124571388
"3402756460","Parsippany-Troy Hills township","Morris",53444,0.588185764538582,0.0439899708105681,0.00101040341291819,0.328287553326847,0,0.011919018037572,0.0266072898735125,0.543478639412472,56,0.506946901786414,1,0.903731008158072,0.096268991841928
"3400520050","Edgewater Park township","Burlington",8799,0.610751221729742,0.293783384475509,0.000909194226616661,0.0146607569041937,0,0.0458006591658143,0.0340947834981248,0.53719834909279,57,0.506946901786414,1,0.85157404250483,0.14842595749517
"3401703580","Bayonne city","Hudson",66719,0.656964283037815,0.111137756860864,0.00128898814430672,0.0896596172004976,0.00307258801840555,0.0976783225168243,0.0401984442212863,0.536839410960925,58,0.506946901786414,1,0.703967385602302,0.296032614397698
"3402541310","Long Branch city","Monmouth",30751,0.650125199180514,0.149816266137687,0.00117069363597932,0.0321940749894312,0,0.140060485837859,0.0266332802185295,0.533528211494708,59,0.506946901786414,1,0.685408604598225,0.314591395401776
"3401766570","Secaucus town","Hudson",19279,0.61471030655117,0.0306032470563826,0.00409772291093936,0.30063799989626,0.000207479641060221,0.024378857824576,0.025364386119612,0.529556958134837,60,0.506946901786414,1,0.83121531199751,0.16878468800249
"3400340680","Little Ferry borough","Bergen",10942,0.631602997623835,0.0274172911716322,0,0.262109303600804,0.000548345823432645,0.0533723268141108,0.0249497349661853,0.52815326327572,61,0.506946901786414,1,0.726649607018827,0.273350392981173
"3402122185","Ewing township","Mercer",36437,0.622005104701265,0.287619727200373,0.00225045969756017,0.0480829925625051,0,0.0184702362982682,0.021571479540028,0.527261025149675,62,0.506946901786414,1,0.91481186705821,0.0851881329417899
"3400362910","Ridgefield borough","Bergen",11369,0.617028762424136,0.0111707274166593,0.0043099656961914,0.299234761192717,0,0.0375582724953822,0.0306975107749142,0.527237742079344,63,0.506946901786414,1,0.713519218928666,0.286480781071334
"3402351210","New Brunswick city","Middlesex",56792,0.661941822791943,0.139561910128187,0.00385617692632765,0.0974256937596845,0.000633892097478518,0.0771587547541907,0.019421749542189,0.526517780965521,64,0.506946901786414,1,0.470083814621778,0.529916185378222
"3403129070","Haledon borough","Passaic",8440,0.662677725118483,0.0821090047393365,0.000947867298578199,0.0478672985781991,0,0.157464454976303,0.0489336492890995,0.524634610633184,65,0.506946901786414,1,0.517890995260664,0.482109004739336
"3403113690","Clifton city","Passaic",86207,0.663878803345436,0.0672567192919369,0.0049299940840071,0.0982170821395014,0.000394399526720568,0.143828227406127,0.021494774206271,0.523921828245098,66,0.506946901786414,1,0.629914044103147,0.370085955896853
"3401369274","South Orange Village township","Essex",16503,0.635217839180755,0.265951645155426,0.000545355389929104,0.0504150760467794,0,0.00727140519905472,0.0405986790280555,0.521524915847959,67,0.506946901786414,1,0.934375568078531,0.0656244319214688
"3402119780","East Windsor township","Mercer",27675,0.659150858175248,0.0814453477868112,0.00028906955736224,0.197181571815718,0,0.0346883468834688,0.0272448057813911,0.518060584814219,68,0.506946901786414,1,0.768346883468835,0.231653116531165
"3400313810","Closter borough","Bergen",8710,0.592537313432836,0.0385763490241102,0,0.359816303099885,0,0.00229621125143513,0.00677382319173364,0.517892468242555,69,0.506946901786414,1,0.926176808266361,0.0738231917336395
"3400557510","Pemberton township","Burlington",27573,0.659340659340659,0.194828274036195,0.00134189243100134,0.0226308345120226,0.000544010445000544,0.0276719979690277,0.0936423312660936,0.517262961606384,70,0.506946901786414,1,0.869401225836869,0.130598774163131
"3400313570","Cliffside Park borough","Bergen",24861,0.668959414343751,0.0325409275572181,0.000764249225694863,0.167370580427175,0.000522907364949117,0.101685370660874,0.0281565504203371,0.512287915355048,71,0.506946901786414,1,0.699408712441173,0.300591287558827
"3401347500","Montclair township","Essex",38572,0.65075702582184,0.24701856268796,0.00108887275744063,0.0329772892253448,0,0.0221922638183138,0.0459659856891009,0.511803067368802,72,0.506946901786414,1,0.901508866535311,0.0984911334646894
"3400758770","Pine Hill borough","Camden",10517,0.648188646952553,0.256346866977275,0,0.0156888846629267,0,0.0382238280878578,0.0415517733193877,0.510704009751112,73,0.506946901786414,1,0.902728915089855,0.0972710849101455
"3401736510","Kearny town","Hudson",42487,0.670534516440323,0.0460611481158943,0.00458963918375032,0.0493092004613176,0.000353049167980794,0.188693011980135,0.040459434650599,0.50856722759232,74,0.506946901786414,1,0.529338385859204,0.470661614140796
"3400776220","Voorhees township","Camden",29386,0.667222486898523,0.103280473694957,0.00401551759341183,0.191996188661267,0,0.0109235690464847,0.0225617641053563,0.50664027832804,75,0.506946901786414,0,0.956101544953379,0.0438984550466208
"3402331470","Highland Park borough","Middlesex",14250,0.680070175438596,0.102245614035088,0.00175438596491228,0.139087719298246,0,0.0411929824561404,0.0356491228070175,0.504734197599261,76,0.506946901786414,0,0.847228070175439,0.152771929824561
"3400306490","Bogota borough","Bergen",8437,0.682588597842835,0.106198885859903,0,0.0591442455849236,0,0.115680929240251,0.0363873414720872,0.504590444941964,77,0.506946901786414,0,0.554936588834894,0.445063411165106
"3402345900","Middlesex borough","Middlesex",13875,0.683459459459459,0.0974414414414414,0,0.0735855855855856,0,0.11163963963964,0.0338738738738739,0.504362645889132,78,0.506946901786414,0,0.753945945945946,0.246054054054054
"3402365790","Sayreville borough","Middlesex",44744,0.672648846772752,0.129447523690327,0.0005140354013946,0.160490792061505,0.000737529054174861,0.0149964241015555,0.0211648489182907,0.504355921462133,79,0.506946901786414,0,0.875871625245843,0.124128374754157
"3400120290","Egg Harbor township","Atlantic",43651,0.68775056699732,0.0798148954204944,0.00176399166113033,0.123067054592106,0,0.0592655380174566,0.0483379533114934,0.499631166744481,80,0.506946901786414,0,0.829809168174841,0.170190831825159
"3401526340","Glassboro borough","Gloucester",19387,0.67834115644504,0.186310414195079,0,0.028730592665188,0,0.0775777582916387,0.0290400784030536,0.497454623345159,81,0.506946901786414,0,0.879816371795533,0.120183628204467
"3402525200","Freehold borough","Monmouth",11938,0.681269894454683,0.129669961467583,0.00712012062321997,0.0195175071201206,0,0.147428379963143,0.0149941363712515,0.496665451456752,82,0.506946901786414,0,0.506449991623388,0.493550008376613
"3403547580","Montgomery township","Somerset",23059,0.631380372088989,0.0234615551411596,0.0030356910533848,0.322303655839369,0,0.0010408083611605,0.0187779175159374,0.496565825715254,83,0.506946901786414,0,0.953814128973503,0.0461858710264972
"3402319000","East Brunswick township","Middlesex",48673,0.66299591149097,0.0455694121997822,0.000534177059149837,0.25568590388922,0,0.0112998993281696,0.0239146960327081,0.492284682814082,84,0.506946901786414,0,0.924804306288908,0.0751956937110924
"3400355950","Paramus borough","Bergen",26919,0.656265091571009,0.0316505070767859,0.000854415097143282,0.282885694119395,0,0.0106987629555333,0.017645529180133,0.487863500795681,85,0.506946901786414,0,0.905531409041941,0.0944685909580594
"3400125560","Galloway township","Atlantic",37029,0.695103837532745,0.115990169866861,0.00253855086553782,0.114639876853277,0.000567123065705258,0.0362418644845932,0.0349185773312809,0.487695088523345,86,0.506946901786414,0,0.885198087985093,0.114801912014907
"3400319510","East Rutherford borough","Bergen",9433,0.687162090533234,0.0469627902046009,0.00636064878617619,0.194317820417683,0.00371037845860278,0.0391179900349836,0.0223682815647196,0.485758560412492,87,0.506946901786414,0,0.79349093607548,0.20650906392452
"3402139510","Lawrence township","Mercer",33288,0.68985820716174,0.118210766642634,0.000450612833453497,0.156602980052872,0.000690939677962028,0.011776015380918,0.0224104782504206,0.484955790776682,88,0.506946901786414,0,0.914233357366018,0.0857666426339822
"3400362940","Ridgefield Park village","Bergen",13070,0.696939556235654,0.0586840091813313,0.00191277735271614,0.137184391736802,0.000841622035195103,0.0864575363427697,0.0179801071155318,0.48420932779706,89,0.506946901786414,0,0.573374139250191,0.426625860749809
"3401176070","Vineland city","Cumberland",60824,0.696846639484414,0.143709719847429,0.00455412337235302,0.0136623701170591,0.000180849664606077,0.0925950282783112,0.048451269235828,0.482623479604721,90,0.506946901786414,0,0.609364724450875,0.390635275549125
"3400372420","Tenafly borough","Bergen",14882,0.670474398602338,0.0229807821529364,0,0.259709716435963,0,0.0240559064641849,0.0227791963445773,0.481389249237305,91,0.506946901786414,0,0.890337320252654,0.109662679747346
"3401752470","North Bergen township","Hudson",63438,0.69527727860273,0.0332450581670292,0.00110343957880135,0.0690595542104102,0.000457139254074845,0.175052807465557,0.0258047227213973,0.479404254267009,92,0.506946901786414,0,0.268797881396009,0.731202118603991
"3403568460","Somerville borough","Somerset",12234,0.710805950629393,0.0959620729115579,0.000817394147457904,0.112391695275462,0,0.0538662743174759,0.0261566127186529,0.469327875914517,93,0.506946901786414,0,0.782246199117214,0.217753800882786
"3401313045","City of Orange township","Essex",30731,0.129836321629625,0.708405193452865,0.00042302560931958,0.0138622238130878,0.000553187335264066,0.135335654550779,0.0115843936090593,0.462662027690782,94,0.506946901786414,0,0.754352282711269,0.245647717288731
"3400344880","Maywood borough","Bergen",9789,0.712534477474717,0.0469915210951068,0.000715088364490755,0.156297885381551,0,0.0464807436918991,0.0369802839922362,0.462128874090589,95,0.506946901786414,0,0.791807130452549,0.208192869547451
"3400548900","Mount Holly township","Burlington",9536,0.702810402684564,0.201761744966443,0,0.0201342281879195,0,0.0362835570469799,0.039010067114094,0.462106067153507,96,0.506946901786414,0,0.833892617449664,0.166107382550336
"3400341100","Lodi borough","Bergen",24805,0.719532352348317,0.0757911711348518,0.0057649667405765,0.115218705906067,0,0.0553920580528119,0.0283007458173755,0.459351094960771,97,0.506946901786414,0,0.639508163676678,0.360491836323322
"3400351660","New Milford borough","Bergen",16760,0.710501193317422,0.0338305489260143,0.00352028639618138,0.180429594272076,0,0.050417661097852,0.0213007159904535,0.458480656296102,98,0.506946901786414,0,0.824522673031026,0.175477326968974
"3400318400","Dumont borough","Bergen",17882,0.713343026507102,0.0510010065988145,0.00150989822167543,0.166144726540655,0,0.048204898780897,0.0197964433508556,0.458218662473866,99,0.506946901786414,0,0.819706967900682,0.180293032099318
"3401774630","Union City city","Hudson",69815,0.720747690324429,0.048342046838072,0.00448327723268639,0.0409081143020841,0.000816443457709661,0.155496669770107,0.0292057580749123,0.451459382614766,100,0.506946901786414,0,0.204125187996849,0.795874812003151
"3400581440","Willingboro township","Burlington",31568,0.188006842372022,0.714426001013685,0.00041180942726812,0.0207171819564116,0.000316776482513938,0.0198618854536239,0.0562595032944754,0.450259818529623,101,0.506946901786414,0,0.907184490623416,0.0928155093765839
"3403507720","Bridgewater township","Somerset",45336,0.707451032292218,0.029027704252691,0.000242632786306688,0.22637638962414,0,0.0169401799894124,0.019962061055232,0.446738647064918,102,0.506946901786414,0,0.907623080995236,0.0923769190047644
"3402748300","Morristown town","Morris",18833,0.731428874847342,0.0909042637922795,0,0.0608506345245049,0,0.0859661232942176,0.0308501035416556,0.444703512899132,103,0.506946901786414,0,0.673020761429406,0.326979238570594
"3400542060","Lumberton township","Burlington",12390,0.721146085552865,0.178773204196933,0,0.0312348668280872,0,0.0168684422921711,0.0519774011299435,0.444026653273586,104,0.506946901786414,0,0.942534301856336,0.0574656981436642
"3400315820","Cresskill borough","Bergen",8811,0.69311088412212,0.00397230734309386,0,0.27431619566451,0,0.00885257065032346,0.0197480422199523,0.443863794703335,105,0.506946901786414,0,0.923845193508115,0.0761548064918851
"3401346380","Millburn township","Essex",20387,0.715897385588856,0.031049198018345,0,0.209300044145779,0,0.0198165497621033,0.0239368224849169,0.441754705014886,106,0.506946901786414,0,0.955658017364006,0.0443419826359935
"3400363360","River Edge borough","Bergen",11648,0.711624313186813,0.0101304945054945,0.00394917582417582,0.224673763736264,0,0.0364010989010989,0.0132211538461538,0.441494474951131,107,0.506946901786414,0,0.887362637362637,0.112637362637363
"3402519840","Eatontown borough","Monmouth",12258,0.738701256322402,0.1071953010279,0.00734214390602056,0.0833741230217001,0,0.0318159569260891,0.0315712187958884,0.433815472907088,108,0.506946901786414,0,0.864333496492087,0.135666503507913
"3402160900","Princeton","Mercer",30722,0.731885944925461,0.063602630037107,0.000423149534535512,0.168543714601914,0.000976498925851182,0.00882104029685567,0.0257470216782762,0.431148832858216,109,0.506946901786414,0,0.92578608163531,0.0742139183646898
"3400712280","Cherry Hill township","Camden",71204,0.73876467614179,0.0665271613954272,0.000926914218302343,0.134641312285827,0,0.029478680972979,0.029661254985675,0.429922965258534,110,0.506946901786414,0,0.929737093421718,0.0702629065782821
"3400726760","Gloucester township","Camden",64034,0.736905394009432,0.155027016897273,0.000281100665271574,0.0409782303151451,0.000374800887028766,0.0351688165661992,0.0312646406596496,0.429043306044442,111,0.506946901786414,0,0.931442671080988,0.0685573289190118
"3401517710","Deptford township","Gloucester",30556,0.740411048566566,0.137517999738186,0,0.0592027752323603,0,0.0302722869485535,0.0325958895143343,0.427396406943027,112,0.506946901786414,0,0.925742898285116,0.0742571017148841
"3401340890","Livingston township","Essex",29955,0.723551994658655,0.0164914037723252,0,0.224369888165582,0.00183608746453013,0.00804540143548656,0.0257052245034218,0.425129839643458,113,0.506946901786414,0,0.959772992822567,0.0402270071774328
"3400321300","Elmwood Park borough","Bergen",20293,0.747499137633667,0.0667225151530084,0.00147834228551717,0.0845611787315823,0.00093628344749421,0.061203370620411,0.0375991721283201,0.424479939817465,114,0.506946901786414,0,0.728921302912334,0.271078697087666
"3403531890","Hillsborough township","Somerset",39712,0.738567687348912,0.0546686140209508,0.00181305398871878,0.168714746172442,0,0.0106768734891217,0.025559024979855,0.422293901718887,115,0.506946901786414,0,0.92254230459307,0.0774576954069299
"3401777930","Weehawken township","Hudson",14268,0.750140173815531,0.0397392767031119,0.00658816932996916,0.0998738435660219,0,0.0599943930473787,0.0436641435379871,0.420186436283318,116,0.506946901786414,0,0.623983739837398,0.376016260162602
"3400543290","Mansfield township","Burlington",8586,0.748078266946192,0.0934078732820871,0,0.121942697414396,0,0.00931749359422315,0.0272536687631027,0.415954276131074,117,0.506946901786414,0,0.968553459119497,0.0314465408805031
"3401513360","Clayton borough","Gloucester",8475,0.743952802359882,0.16094395280236,0.00188790560471976,0.0153392330383481,0,0.00943952802359882,0.0684365781710914,0.415619745738377,118,0.506946901786414,0,0.954808259587021,0.0451917404129794
"3403966060","Scotch Plains township","Union",24339,0.749209088294507,0.123998520892395,0,0.0855417231603599,0,0.0202144706027363,0.0210361970500021,0.415141576024093,119,0.506946901786414,0,0.919511894490324,0.0804881055096758
"3400365280","Rutherford borough","Bergen",18622,0.742777360111696,0.0228224680485447,0.00107399849640211,0.175437654387284,0.000536999248201053,0.0135860809794866,0.0437654387283858,0.414881120616329,120,0.506946901786414,0,0.832026635162711,0.167973364837289
"3402347280","Monroe township","Middlesex",43796,0.739131427527628,0.0379030048406247,0.00171248515846196,0.198374280756233,0,0.00474929217280117,0.0181295095442506,0.412541572301594,121,0.506946901786414,0,0.959242853228605,0.0407571467713947
"3401146680","Millville city","Cumberland",28235,0.741845227554454,0.190154064104834,0.00258544359837082,0.0160793341597308,0,0.016433504515672,0.0329024260669382,0.411889231041718,122,0.506946901786414,0,0.827837789976979,0.172162210023021
"3402354705","Old Bridge township","Middlesex",66880,0.751330741626794,0.0697667464114833,0.000897129186602871,0.136991626794258,0,0.0190938995215311,0.0219198564593301,0.411022150023036,123,0.506946901786414,0,0.864772727272727,0.135227272727273
"3400506700","Bordentown township","Burlington",11808,0.755165989159892,0.0855352303523035,0,0.103912601626016,0,0.0229505420054201,0.0324356368563686,0.410031426491433,124,0.506946901786414,0,0.929031165311653,0.0709688346883469
"3400543740","Maple Shade township","Burlington",18940,0.76129883843717,0.100105596620908,0,0.0705385427666315,0,0.0475184794086589,0.0205385427666315,0.40274742447946,125,0.506946901786414,0,0.890337909186906,0.109662090813094
"3402345690","Metuchen borough","Middlesex",13940,0.756527977044476,0.0519368723098996,0,0.146915351506456,0,0.0140602582496413,0.0305595408895265,0.402252284333967,126,0.506946901786414,0,0.929698708751793,0.0703012912482066
"3401913750","Clinton township","Hunterdon",13067,0.761154052192546,0.125507002372388,0.00267850309941073,0.0521925461085176,0,0.0340552536925078,0.0244126425346292,0.400405527518636,127,0.506946901786414,0,0.902808601821382,0.0971913981786179
"3403970020","Springfield township","Union",17528,0.763464171611136,0.0868324965769055,0,0.0984139662254678,0,0.0425604746691009,0.00872889091738932,0.398009679915408,128,0.506946901786414,0,0.895709721588316,0.104290278411684
"3400523850","Florence township","Burlington",12645,0.762672993277975,0.127085804665876,0,0.0646896006326611,0,0.0109134045077106,0.034638196915777,0.396675452063302,129,0.506946901786414,0,0.932700672202452,0.0672993277975484
"3402129310","Hamilton township","Mercer",89206,0.764085375423178,0.138791112705423,0.000560500414770307,0.0479003654462704,0.000863170638746273,0.0257269690379571,0.0220725063336547,0.39346598939253,130,0.506946901786414,0,0.851063829787234,0.148936170212766
"3403505560","Bernards township","Somerset",27032,0.754809115122817,0.0234166913287955,0,0.191920686593667,0,0.0110239715892276,0.0188295353654927,0.392405229000456,131,0.506946901786414,0,0.945767978691921,0.0542320213080793
"3402532640","Holmdel township","Monmouth",16648,0.755466122056703,0.0115929841422393,0.000901009130225853,0.193897164824604,0,0.0166386352715041,0.0215040845747237,0.390800348961716,132,0.506946901786414,0,0.945338779432965,0.0546612205670351
"3402544070","Marlboro township","Monmouth",40466,0.75715415410468,0.0240695892848317,0.00177927148717442,0.19379231947808,0,0.00820441852419315,0.0150002471210399,0.388287293000953,133,0.506946901786414,0,0.949933277319231,0.050066722680769
"3400347610","Montvale borough","Bergen",8440,0.766232227488152,0.0308056872037915,0.000710900473933649,0.153436018957346,0,0.0375592417061611,0.0112559241706161,0.386858673435008,134,0.506946901786414,0,0.881872037914692,0.118127962085308
"3403182423","Woodland Park borough","Passaic",12542,0.77539467389571,0.0625099665125179,0.00892999521607399,0.0644235369159624,0,0.0586828257056291,0.0300590017541062,0.386278249238197,135,0.506946901786414,0,0.729548716313188,0.270451283686812
"3400168430","Somers Point city","Atlantic",10644,0.773863209319805,0.138012025554303,0.000751597143930853,0.0567455843667794,0,0.0125892521608418,0.0180383314543405,0.378383917148631,136,0.506946901786414,0,0.892991356632845,0.107008643367155
"3400549020","Mount Laurel township","Burlington",41795,0.77839454480201,0.0881205885871516,0.00186625194401244,0.0896997248474698,0,0.0144514894126092,0.0274674004067472,0.377323867324148,137,0.506946901786414,0,0.955592774255294,0.0444072257447063
"3401547250","Monroe township","Gloucester",36779,0.778433345115419,0.150357540988064,0,0.0230294461513364,0,0.0154164061013078,0.0327632616438729,0.369592684799779,138,0.506946901786414,0,0.937192419587265,0.0628075804127355
"3400380270","Westwood borough","Bergen",11246,0.785256980259648,0.0689133914280633,0,0.0880313000177841,0,0.0433932064734128,0.0144051218210919,0.368782431749836,139,0.506946901786414,0,0.834341099057443,0.165658900942557
"3400322560","Fairview borough","Bergen",14422,0.785258632644571,0.0314103453057828,0.00429898765774511,0.0374427957287477,0,0.119192899736514,0.0223963389266399,0.366253282473169,140,0.506946901786414,0,0.414574954929968,0.585425045070032
"3400375140","Upper Saddle River borough","Bergen",8339,0.782707758724068,0.0371747211895911,0,0.139824919055043,0,0.00491665667346205,0.0353759443578367,0.36515996559682,141,0.506946901786414,0,0.935603789423192,0.0643962105768078
"3402358200","Perth Amboy city","Middlesex",52563,0.786846260677663,0.0824153872495862,0.0015600327226376,0.0153149553868691,0,0.0968552023286342,0.0170081616346099,0.364173476661173,142,0.506946901786414,0,0.177862755169986,0.822137244830013
"3402747670","Montville township","Morris",21739,0.774736648419891,0.00814204885229311,0.00239201435208611,0.190395142370854,0,0.0034500207001242,0.0208841253047518,0.363012751331947,143,0.506946901786414,0,0.950641703850223,0.0493582961497769
"3400704750","Bellmawr borough","Camden",11482,0.788886953492423,0.0232537885385821,0.00287406375195959,0.0979794460895314,0,0.0674098589095976,0.0195958892179063,0.362580315877133,144,0.506946901786414,0,0.883382685943215,0.116617314056785
"3402500070","Aberdeen township","Monmouth",18372,0.791095144785543,0.0870890485521446,0.000707598519486175,0.0523078597866318,0.000598737208795994,0.0358698018724145,0.0323318092749837,0.361515009564294,145,0.506946901786414,0,0.893424776834313,0.106575223165687
"3400765160","Runnemede borough","Camden",8391,0.791681563580026,0.0806816827553331,0.00131092837564057,0.0411154808723632,0,0.0502919795018472,0.0349183649147897,0.361289991244144,146,0.506946901786414,0,0.880467167202956,0.119532832797044
"3402163850","Robbinsville township","Mercer",14281,0.784678944051537,0.0339612071983755,0,0.148308941950844,0,0.0158952454309922,0.0171556613682515,0.360583073360921,147,0.506946901786414,0,0.950913801554513,0.049086198445487
"3401582840","Woolwich township","Gloucester",12172,0.791160039434768,0.099408478475189,0,0.0637528754518567,0.00156095957936247,0.0262076897798225,0.017909957279001,0.359109271112304,148,0.506946901786414,0,0.939369043706868,0.0606309562931318
"3402573020","Tinton Falls borough","Monmouth",17902,0.792648866048486,0.0884258742039996,0.00256954530220087,0.0550217852753882,0.000111719360965255,0.0265333482292481,0.0346888615797118,0.35894729233819,149,0.506946901786414,0,0.949279410121774,0.0507205898782259
"3402536480","Keansburg borough","Monmouth",9868,0.796412646939603,0.0723550871503851,0.003850830968788,0.0280705310093231,0,0.0568504256181597,0.0424604783137414,0.354653990436223,150,0.506946901786414,0,0.847790839075801,0.152209160924199
"3400382570","Wood-Ridge borough","Bergen",8350,0.793532934131737,0.0268263473053892,0,0.138682634730539,0,0.0167664670658683,0.0241916167664671,0.349486607623077,151,0.506946901786414,0,0.862634730538922,0.137365269461078
"3400100100","Absecon city","Atlantic",8370,0.798566308243728,0.086857825567503,0,0.0637992831541219,0,0.0356033452807646,0.0151732377538829,0.349179395605572,152,0.506946901786414,0,0.925806451612903,0.0741935483870968
"3401353680","Nutley township","Essex",28829,0.798015886780672,0.0298310728780048,0,0.115508689167158,0,0.0270907766485136,0.0295535745256513,0.347331170316826,153,0.506946901786414,0,0.842623746921503,0.157376253078497
"3400330420","Hasbrouck Heights borough","Bergen",12205,0.796886521917247,0.0294141745186399,0.00426054895534617,0.128881605899222,0,0.0305612453912331,0.00999590331831217,0.346444149104444,154,0.506946901786414,0,0.853994264645637,0.146005735354363
"3403576940","Warren township","Somerset",15998,0.788661082635329,0.00793849231153894,0.00137517189648706,0.181085135641955,0,0,0.0209401175146893,0.344718471106551,155,0.506946901786414,0,0.943305413176647,0.0566945868233529
"3404158350","Phillipsburg town","Warren",14540,0.80130674002751,0.111966987620358,0.00261348005502063,0.0137551581843191,0,0.0353507565337001,0.0350068775790922,0.342699709949691,156,0.506946901786414,0,0.866712517193948,0.133287482806052
"3400363000","Ridgewood village","Bergen",25554,0.797174610628473,0.0166314471315645,0.00125225013696486,0.147530719261172,0.000469593801361822,0.00383501604445488,0.0331063629960084,0.341358194742305,157,0.506946901786414,0,0.922360491508179,0.0776395084918212
"3400342750","Mahwah township","Bergen",26581,0.800948045596479,0.032843008163726,0.00154245513712802,0.131936345509951,0.000865279711071818,0.0208043339227268,0.011060531958918,0.339438082249406,158,0.506946901786414,0,0.912456265753734,0.0875437342462661
"3402554270","Ocean township","Monmouth",27006,0.80726505221062,0.0802784566392653,0.0031104199066874,0.0600607272457972,0,0.0152928978745464,0.0339924461230838,0.336872180090881,159,0.506946901786414,0,0.882988965415093,0.117011034584907
"3400726820","Gloucester City city","Camden",11333,0.806229594988088,0.0350304420718256,0.00105885467219624,0.0576193417453454,0,0.0972381540633548,0.00282361245918998,0.335982367184244,160,0.506946901786414,0,0.856172240360011,0.143827759639989
"3402749080","Mount Olive township","Morris",29010,0.809962082040676,0.0649431230610134,0.00489486384005515,0.0850741123750431,0,0.0135125818683213,0.0216132368148914,0.331832530260637,161,0.506946901786414,0,0.872147535332644,0.127852464667356
"3402706610","Boonton town","Morris",8390,0.811442193087008,0.0301549463647199,0,0.0847437425506555,0,0.031823599523242,0.0418355184743743,0.33070779249376,162,0.506946901786414,0,0.85673420738975,0.14326579261025
"3400352320","North Arlington borough","Bergen",15877,0.811551300623544,0.0283428859356302,0,0.0809346853939661,0,0.0574415821628771,0.0217295458839831,0.330259035447556,163,0.506946901786414,0,0.723499401650186,0.276500598349814
"3403971430","Summit city","Union",22155,0.812006319115324,0.0352516361995035,0,0.0771834800270819,0,0.05763935906116,0.0179192055969307,0.329802376630743,164,0.506946901786414,0,0.844008124576845,0.155991875423155
"3402369420","South River borough","Middlesex",16345,0.819394310186601,0.0631997552768431,0.00104007341694708,0.0403793208932395,0.00489446313857449,0.0364025695931477,0.0346895074946467,0.320414719285639,165,0.506946901786414,0,0.758091159375956,0.241908840624044
"3402761890","Randolph township","Morris",25918,0.819854927077707,0.0284358360984644,0,0.105910949918975,0.00131182961648275,0.0175553669264604,0.0269310903619106,0.314776977026103,166,0.506946901786414,0,0.899683617563084,0.100316382436916
"3400714260","Collingswood borough","Camden",13969,0.818311976519436,0.120194716873076,0,0.0214761257069225,0,0.0242680220488224,0.0157491588517431,0.314620542246576,167,0.506946901786414,0,0.917316916028349,0.0826830839716515
"3402544520","Matawan borough","Monmouth",8898,0.820296695886716,0.0814789840413576,0,0.0752978197347719,0,0.00146100247246572,0.0214654978646887,0.314341842093311,168,0.506946901786414,0,0.897055518093954,0.102944481906046
"3400517440","Delran township","Burlington",16747,0.821400847913059,0.0959574849226727,0,0.0497999641726876,0.00220935092852451,0.0132561055711471,0.017376246491909,0.313130232194835,169,0.506946901786414,0,0.977488505403953,0.0225114945960471
"3400322470","Fair Lawn borough","Bergen",33447,0.819415792148773,0.0163841301163034,0.000777349239094687,0.132538045265644,0.000418572667204832,0.0146799413998266,0.0157861691631536,0.310257503123426,170,0.506946901786414,0,0.863156635871678,0.136843364128322
"3400175620","Ventnor City city","Atlantic",10429,0.826541375011986,0.0351903346437818,0,0.0981877457090805,0,0.0164924729120721,0.0235880717230799,0.305121763543155,171,0.506946901786414,0,0.769776584523924,0.230223415476076
"3403951810","New Providence borough","Union",12716,0.824158540421516,0.00943692985215477,0.00196602705253224,0.128578169235609,0.00141553947782321,0.00542623466498899,0.0290185592953759,0.303263909180657,172,0.506946901786414,0,0.922302610883926,0.0776973891160742
"3400129430","Hammonton town","Atlantic",14557,0.82833001305214,0.0289207941196675,0.000549563783746651,0.0138764855396029,0.00123651851342997,0.0936319296558357,0.0334546953355774,0.302952434404141,173,0.506946901786414,0,0.793570103730164,0.206429896269836
"3401732250","Hoboken city","Hudson",54117,0.829074043276604,0.0271818467394719,0.000110870890847608,0.0929282850121034,0.0000184784818079347,0.016408891845446,0.0342775837537188,0.301817494704127,174,0.506946901786414,0,0.837814365171757,0.162185634828243
"3401519180","East Greenwich township","Gloucester",10320,0.829457364341085,0.087015503875969,0,0.0525193798449612,0.00193798449612403,0.00494186046511628,0.0241279069767442,0.30106016390241,175,0.506946901786414,0,0.968895348837209,0.0311046511627907
"3402525230","Freehold township","Monmouth",35429,0.832425414208699,0.0556888424736798,0.00194755708600299,0.0733015326427503,0.000987891275508764,0.0144514380874425,0.0211973242259166,0.297930628390732,176,0.506946901786414,0,0.911033334274182,0.0889666657258178
"3400945810","Middle township","Cape May",18623,0.83171347258766,0.118294581968534,0.000859152660688396,0.0134242603232562,0,0.0114374697954143,0.0242710626644472,0.293358242286362,177,0.506946901786414,0,0.940127798958277,0.0598722010417226
"3400547880","Moorestown township","Burlington",20568,0.83522948269156,0.0631077401789187,0.000534811357448464,0.0722481524698561,0,0.00539673278879813,0.0234830805134189,0.292608463018611,178,0.506946901786414,0,0.978802022559315,0.0211979774406846
"3401524840","Franklin township","Gloucester",16579,0.838530671331202,0.0675553410941553,0,0.0245491284154653,0,0.0409554255383316,0.0284094336208456,0.289215486620854,179,0.506946901786414,0,0.931238313529163,0.0687616864708366
"3400325770","Garfield city","Bergen",31808,0.838814134808853,0.0460261569416499,0.00147761569416499,0.0235789738430583,0.000125754527162978,0.062625754527163,0.0273516096579477,0.289044177271248,180,0.506946901786414,0,0.641631036217304,0.358368963782696
"3402133180","Hopewell township","Mercer",18503,0.839917851159271,0.0552883316218992,0,0.0663135707723072,0,0.0115116467599849,0.0269685996865373,0.286223890641706,181,0.506946901786414,0,0.946224936496784,0.0537750635032157
"3402723910","Florham Park borough","Morris",11792,0.837516960651289,0.0427408412483039,0.00228968792401628,0.108463364993216,0,0.00203527815468114,0.00695386702849389,0.284916518270557,182,0.506946901786414,0,0.933514246947083,0.0664857530529172
"3402729550","Hanover township","Morris",14436,0.835272928789138,0.0130229980604045,0,0.137780548628429,0,0.00512607370462732,0.00879745081740094,0.283062384600673,183,0.506946901786414,0,0.912995289553893,0.087004710446107
"3403173140","Totowa borough","Passaic",10829,0.845599778372888,0.0348139255702281,0,0.063625450180072,0,0.0387847446670976,0.0171761012097147,0.277901532619839,184,0.506946901786414,0,0.835903592206113,0.164096407793887
"3403506790","Bound Brook borough","Somerset",10510,0.846717411988582,0.0424357754519505,0.00599429115128449,0.0215033301617507,0,0.0686013320647003,0.0147478591817317,0.275846862351202,185,0.506946901786414,0,0.478116079923882,0.521883920076118
"3404128710","Hackettstown town","Warren",9569,0.846587940223639,0.0322917755251332,0.00083603302330442,0.0361584282579162,0.00125404953495663,0.0753474762253109,0.00752429720973978,0.275202539953772,186,0.506946901786414,0,0.791827777197199,0.208172222802801
"3402719210","East Hanover township","Morris",11241,0.841829018770572,0.00818432523796815,0.000711680455475492,0.130415443465884,0,0.000889600569344364,0.0179699315007562,0.273924515765386,187,0.506946901786414,0,0.855528867538475,0.144471132461525
"3401311200","Cedar Grove township","Essex",12638,0.846336445640133,0.0692356385504035,0.00166165532520969,0.0715303054280741,0.00110777021680646,0.000949517328691249,0.00917866751068207,0.273715324767409,188,0.506946901786414,0,0.94516537426808,0.0548346257319196
"3402742510","Madison borough","Morris",16080,0.849751243781095,0.0411691542288557,0.000310945273631841,0.0672885572139303,0,0.0120646766169154,0.0294154228855721,0.27068925428826,189,0.506946901786414,0,0.903606965174129,0.0963930348258707
"3400326640","Glen Rock borough","Bergen",11962,0.846597558936633,0.00852700217354957,0.00267513793679987,0.110265841832469,0.00158836314997492,0.00108677478682495,0.0292593211837485,0.270174339345396,190,0.506946901786414,0,0.929526834977428,0.0704731650225715
"3403979040","Westfield town","Union",30591,0.85273446438495,0.0347814716746756,0.000392272236932431,0.0628289366153444,0,0.0302376515968749,0.0190252034912229,0.266410279382557,191,0.506946901786414,0,0.924029943447419,0.0759700565525808
"3402764080","Rockaway township","Morris",24758,0.853865417238872,0.0397043379917602,0.000403909847322078,0.064342838678407,0,0.0177316422974392,0.0239518539461992,0.264309148309738,192,0.506946901786414,0,0.880483076177397,0.119516923822603
"3400324990","Franklin Lakes borough","Bergen",10953,0.853373504975806,0.0178033415502602,0.000456495937186159,0.0849082443166256,0.00246507806080526,0.0223683009221218,0.0186250342371953,0.263373774297156,193,0.506946901786414,0,0.923765178489911,0.0762348215100886
"3403905320","Berkeley Heights township","Union",13576,0.849955804360636,0.0165733647613435,0.000736593989393047,0.123232174425457,0,0.00243076016499705,0.00707130229817325,0.262057830918648,194,0.506946901786414,0,0.944534472598704,0.0554655274012964
"3403140620","Little Falls township","Passaic",14524,0.855893693197466,0.034701184246764,0.000344257780225833,0.0674745249242633,0.000413109336271,0.0133572018727623,0.0278160286422473,0.26073656677888,195,0.506946901786414,0,0.888873588543101,0.111126411456899
"3401578800","West Deptford township","Gloucester",21348,0.854881019299232,0.0882049840734495,0.00131159827618512,0.0200487165074012,0.000936855911560802,0.020985572418962,0.0136312535132097,0.260367569281785,196,0.506946901786414,0,0.960511523327712,0.0394884766722878
"3400522110","Evesham township","Burlington",45489,0.857064345226318,0.0497263074589461,0.00028578337620084,0.0608278924575172,0.000549583415770846,0.0124425685330519,0.0191035195321946,0.258747824303171,197,0.506946901786414,0,0.952977642946646,0.0470223570533536
"3402748090","Morris township","Morris",22498,0.858831896168548,0.0433371855276025,0.000533380744955107,0.0508489643523869,0,0.0188461196550805,0.0276024535514268,0.25682668913524,198,0.506946901786414,0,0.926571250777847,0.0734287492221531
"3400342090","Lyndhurst township","Bergen",21937,0.857774536171765,0.011806536901126,0.000774946437525642,0.0799562383188221,0,0.0330947713908009,0.0165929707799608,0.256319259620925,199,0.506946901786414,0,0.772940693804987,0.227059306195013
"3402712130","Chatham township","Morris",10507,0.857523555724755,0.0197011516132102,0,0.102883791757876,0,0.00285523936423337,0.0170362615399258,0.253381754796725,200,0.506946901786414,0,0.968687541638907,0.0313124583610926
"3403507180","Branchburg township","Somerset",14683,0.859633589865831,0.0478784989443574,0.000817271674725873,0.0828849690117823,0,0.00340529864469114,0.005380371858612,0.251826610031948,201,0.506946901786414,0,0.966968603146496,0.033031396853504
"3404141490","Lopatcong township","Warren",8300,0.863253012048193,0.0612048192771084,0,0.0474698795180723,0,0.0183132530120482,0.00975903614457831,0.248364203803164,202,0.506946901786414,0,0.934698795180723,0.0653012048192771
"3400331920","Hillsdale borough","Bergen",10520,0.867015209125475,0.0163498098859316,0,0.0843155893536122,0,0.0268060836501901,0.00551330798479087,0.240159229568159,203,0.506946901786414,0,0.911026615969582,0.0889733840304183
"3401334450","Irvington township","Essex",54715,0.064187151603765,0.86848213469798,0.000365530476103445,0.0149136434250206,0.000292424380882756,0.0420360047518962,0.00972311066435164,0.239534590818186,204,0.506946901786414,0,0.903810655213378,0.0961893447866216
"3402533300","Howell township","Monmouth",52076,0.870112911897995,0.0386550426300023,0.00132498655810738,0.0520201244335202,0.00145940548429219,0.0147860818803288,0.0216414471157539,0.238012348977203,205,0.506946901786414,0,0.903928873185345,0.0960711268146555
"3401577180","Washington township","Gloucester",48119,0.870363058251418,0.0554874373947921,0.000540327105717076,0.0443691681040753,0,0.00667096157443006,0.0225690475695671,0.236866512454443,206,0.506946901786414,0,0.96084706664727,0.0391529333527297
"3403176730","Wanaque borough","Passaic",11782,0.870989645221524,0.0398913597012392,0,0.0435409947377355,0,0.00772364624002716,0.0378543540994738,0.236397292279789,207,0.506946901786414,0,0.902987608215923,0.0970123917840774
"3402764980","Roxbury township","Morris",23458,0.871174013129849,0.0459971012021485,0.000255776281012874,0.0510273680620684,0,0.0182880040924205,0.0132577372325006,0.235826029125175,208,0.506946901786414,0,0.898115781396538,0.101884218603462
"3400376400","Waldwick borough","Bergen",9985,0.869904857285929,0.0189283925888833,0,0.0820230345518277,0,0.0118177265898848,0.0173259889834752,0.23573962847125,209,0.506946901786414,0,0.900450676014021,0.099549323985979
"3400777630","Waterford township","Camden",10749,0.871243836635966,0.0403758489161783,0,0.00344218066796911,0,0.0373988277979347,0.0475393059819518,0.235633461406484,210,0.506946901786414,0,0.9410177690948,0.0589822309052005
"3403177840","Wayne township","Passaic",55154,0.870580556260652,0.0178772165210139,0.000598324690865576,0.0820430068535374,0.0000725242049534032,0.0140153026072452,0.0148130688617326,0.234622626248314,211,0.506946901786414,0,0.879355985060014,0.120644014939986
"3401319390","East Orange city","Essex",65151,0.0348114380439287,0.872173873002717,0.00326932817608325,0.0124633543614066,0,0.0643428343386901,0.0129391720771746,0.233627452819315,212,0.506946901786414,0,0.908013691271047,0.0919863087289527
"3402717650","Denville township","Morris",16822,0.872072286291761,0.0216383307573416,0,0.0827487813577458,0,0.00850077279752705,0.0150398287956248,0.231875889719348,213,0.506946901786414,0,0.933955534419213,0.0660444655807871
"3402934680","Jackson township","Ocean",56501,0.876727845524858,0.0545123095166457,0.000300879630449019,0.034725049114175,0,0.0157519335940957,0.0179819826197766,0.226599298317078,214,0.506946901786414,0,0.904868940372737,0.0951310596272632
"3403160090","Pompton Lakes borough","Passaic",11205,0.876840696117805,0.0132083891120036,0,0.0555109326193664,0,0.022400713966979,0.0320392681838465,0.226366161756451,215,0.506946901786414,0,0.830611334225792,0.169388665774208
"3400365340","Saddle Brook township","Bergen",14076,0.877166808752487,0.0130718954248366,0,0.0892298948564933,0,0.0104433077578858,0.0100880932082978,0.222234708735375,216,0.506946901786414,0,0.852728047740835,0.147271952259165
"3402368550","South Amboy city","Middlesex",8811,0.881171263193735,0.0594711156508909,0,0.0372261945295653,0,0.00930654863239133,0.0128248779934173,0.21836351242265,217,0.506946901786414,0,0.862558165928952,0.137441834071048
"3402973125","Toms River township","Ocean",91415,0.882262210796915,0.0320078761691189,0.000787616911885358,0.0419187223103429,0.0000437564951047421,0.0221736038943281,0.0208062134223049,0.217906518501083,218,0.506946901786414,0,0.916512607340152,0.0834873926598479
"3402903050","Barnegat township","Ocean",22141,0.881802989928188,0.071541484124475,0.00216792376134773,0.0049681586197552,0,0.0232600153561266,0.0162594282101079,0.216470523189383,219,0.506946901786414,0,0.91323788446773,0.0867621155322705
"3402712100","Chatham borough","Morris",9003,0.881483949794513,0.0157725202710208,0,0.0846384538487171,0,0.00344329667888482,0.0146617794068644,0.215346781921669,220,0.506946901786414,0,0.901921581694991,0.0980784183050094
"3402542990","Manalapan township","Monmouth",40096,0.883080606544294,0.0120959696727853,0.00219473264166002,0.0810554668794892,0,0.00950219473264166,0.0120710295291301,0.213211522841987,221,0.506946901786414,0,0.940991620111732,0.0590083798882682
"3402740290","Lincoln Park borough","Morris",10464,0.888665902140673,0.0234136085626911,0,0.0529434250764526,0,0.0133792048929664,0.0215978593272171,0.206276240396665,222,0.506946901786414,0,0.884269877675841,0.115730122324159
"3400376490","Wallington borough","Bergen",11701,0.88889838475344,0.0368344585932826,0.00170925561917785,0.0574309888043757,0,0.00700794803862918,0.00811896419109478,0.205086615297797,223,0.506946901786414,0,0.855055123493718,0.144944876506282
"3403504450","Bedminster township","Somerset",8244,0.888767588549248,0.0135856380397865,0,0.0703541969917516,0,0.0132217370208637,0.0140708393983503,0.204585088097829,224,0.506946901786414,0,0.929160601649685,0.0708393983503154
"3401375815","Verona township","Essex",13585,0.890688259109312,0.0198012513801987,0,0.0635995583364004,0,0.00581523739418476,0.0200956937799043,0.20179977781357,225,0.506946901786414,0,0.944865660655134,0.0551343393448657
"3403543620","Manville borough","Somerset",10436,0.891529321579149,0.0460904561134534,0,0.0156190111153699,0.000862399386738214,0.0365082407052511,0.00939057110003833,0.201385406913974,226,0.506946901786414,0,0.76609812188578,0.23390187811422
"3403163150","Ringwood borough","Passaic",12451,0.892940326078227,0.0134928921371777,0.0175086338446711,0.0407999357481327,0,0.0195165046984178,0.015741707493374,0.199875633598476,227,0.506946901786414,0,0.93325837282146,0.0667416271785399
"3403915640","Cranford township","Union",23972,0.89325045886868,0.0280744201568497,0,0.0310779242449524,0,0.0342482896712832,0.0133489070582346,0.198998468623316,228,0.506946901786414,0,0.90030035040881,0.0996996495911897
"3400361680","Ramsey borough","Bergen",15121,0.890152767674096,0.00125653065273461,0,0.101845116063752,0,0.00158719661398056,0.00515838899543681,0.197224915496707,229,0.506946901786414,0,0.944117452549435,0.0558825474505654
"3400363690","River Vale township","Bergen",10055,0.893088015912481,0.00159124813525609,0.00258577821979115,0.0789656887120835,0,0.00447538538040776,0.0192938836399801,0.195756714499888,230,0.506946901786414,0,0.955445052212829,0.0445549477871706
"3402546560","Millstone township","Monmouth",10522,0.895267059494393,0.0191028321611861,0.00161566242159285,0.0381106253563961,0.0020908572514731,0.0186276373313058,0.0251853259836533,0.195691282656073,231,0.506946901786414,0,0.933567762782741,0.0664322372172591
"3401961920","Raritan township","Hunterdon",22103,0.898565805546758,0.0250192281590734,0,0.057548749038592,0,0.00312174817898023,0.0157444690765959,0.188384039190326,232,0.506946901786414,0,0.946523096412252,0.0534769035877483
"3400152950","Northfield city","Atlantic",8480,0.899764150943396,0.0143867924528302,0.00035377358490566,0.0530660377358491,0,0.0174528301886792,0.0149764150943396,0.186872469072624,233,0.506946901786414,0,0.875235849056604,0.124764150943396
"3402943140","Manchester township","Ocean",43418,0.900548159749413,0.0386936293703072,0,0.0218342622875305,0.000552766133861532,0.0128978764567691,0.0254733060021189,0.186223529922288,234,0.506946901786414,0,0.945391312358929,0.0546086876410705
"3403359130","Pittsgrove township","Salem",9009,0.902097902097902,0.0599400599400599,0.000888000888000888,0.00843600843600844,0,0.0133200133200133,0.0153180153180153,0.182142545112908,235,0.506946901786414,0,0.957153957153957,0.0428460428460428
"3402734980","Jefferson township","Morris",21440,0.904664179104478,0.0187966417910448,0.000652985074626866,0.0553638059701493,0,0.00494402985074627,0.0155783582089552,0.177896703225941,236,0.506946901786414,0,0.913386194029851,0.0866138059701493
"3403130570","Hawthorne borough","Passaic",19065,0.906215578284815,0.0268030422239706,0,0.00792027275111461,0,0.0402307894046682,0.0188303173354314,0.17601909461393,237,0.506946901786414,0,0.794177812745869,0.205822187254131
"3400512940","Cinnaminson township","Burlington",16528,0.906219748305905,0.0474346563407551,0.000121006776379477,0.0179695062923524,0.000726040658276864,0.0137342691190707,0.0137947725072604,0.175813350327386,238,0.506946901786414,0,0.940525169409487,0.0594748305905131
"3400954360","Ocean City city","Cape May",11328,0.908015536723164,0.0261299435028249,0.000794491525423729,0.0182733050847458,0,0.029396186440678,0.0173905367231638,0.173323899681605,239,0.506946901786414,0,0.918608757062147,0.0813912429378531
"3401378510","West Caldwell township","Essex",10932,0.909165751920966,0.0119831686791072,0,0.0701609952433224,0,0.00429930479326747,0.00439077936333699,0.168313710983736,240,0.506946901786414,0,0.946853274789608,0.0531467252103915
"3400353850","Oakland borough","Bergen",13145,0.910003803727653,0.0225180677063522,0.00220616203879802,0.0557626473944466,0,0.00121719284899201,0.00829212628375808,0.168201432915859,241,0.506946901786414,0,0.930315709395207,0.0696842906047927
"3400356130","Park Ridge borough","Bergen",8905,0.911622683885458,0.0192026951151039,0.00112296462661426,0.0204379562043796,0,0.0222346996069624,0.0253790005614823,0.167017892086315,242,0.506946901786414,0,0.825042111173498,0.174957888826502
"3402938550","Lakewood township","Ocean",99467,0.911568660962932,0.0328048498496989,0.000150803784169624,0.0100937999537535,0,0.037831642655353,0.00755024279409251,0.166376271285045,243,0.506946901786414,0,0.839987131410417,0.160012868589582
"3402369810","Spotswood borough","Middlesex",8443,0.912945635437641,0.0338742153263058,0.00177661968494611,0.028307473646808,0,0.00840933317541158,0.0146867227288878,0.16429191812065,244,0.506946901786414,0,0.892099964467606,0.107900035532394
"3402907420","Brick township","Ocean",75118,0.914228280838148,0.0224047498602199,0.000266247770174925,0.0189169040709284,0.00147767512447083,0.0276498309326659,0.015056311403392,0.162333368364467,245,0.506946901786414,0,0.902393567453873,0.0976064325461274
"3403153040","North Haledon borough","Passaic",8564,0.91394208313872,0,0,0.0416861279775806,0,0.0227697337692667,0.0216020551144325,0.161987025841203,246,0.506946901786414,0,0.922582905184493,0.0774170948155068
"3403732910","Hopatcong borough","Sussex",14507,0.914937616323154,0.0199903494864548,0,0.0379816640242642,0,0.0181291790170263,0.00896119114910043,0.16063796728362,247,0.506946901786414,0,0.894809402357483,0.105190597642517
"3401559070","Pitman borough","Gloucester",8886,0.91537249606122,0.020481656538375,0.00123790231825343,0.0228449246004952,0,0.00213819491334684,0.0379248255683097,0.15970740794607,248,0.506946901786414,0,0.972090929552104,0.0279090704478956
"3402530690","Hazlet township","Monmouth",20082,0.916890747933473,0.0230056767254258,0,0.0444178866646748,0,0.00692162135245493,0.00876406732397172,0.15668442881844,249,0.506946901786414,0,0.920924210735983,0.0790757892640175
"3400545120","Medford township","Burlington",23353,0.918383077120713,0.0215389885667794,0.0000428210508285873,0.0245364621247805,0.000685136813257397,0.0134029889093478,0.0214105254142937,0.154868035699895,250,0.506946901786414,0,0.965871622489616,0.0341283775103841
"3403769690","Sparta township","Sussex",19053,0.918333070907469,0.0254553088752427,0.000629822075263738,0.0304938854773526,0,0.00997218285834252,0.0151157298063297,0.154758194681834,251,0.506946901786414,0,0.933921167270246,0.0660788327297538
"3400377135","Washington township","Bergen",9368,0.919940222032451,0.00245516652433817,0,0.0637275832621691,0,0.0101409052092229,0.00373612297181896,0.149525958602463,252,0.506946901786414,0,0.894214346712212,0.105785653287788
"3402737110","Kinnelon borough","Morris",10242,0.920718609646553,0.00361257566881468,0,0.0555555555555556,0,0.00234329232571763,0.0177699668033587,0.148856508655352,253,0.506946901786414,0,0.876781878539348,0.123218121460652
"3400107810","Brigantine city","Atlantic",9164,0.924378000872981,0.0204059362723701,0.000436490615451768,0.0284810126582278,0.000436490615451768,0.000872981230903536,0.0249890877346137,0.143672143534728,254,0.506946901786414,0,0.925905718027062,0.0740942819729376
"3403357870","Pennsville township","Salem",12742,0.925757337937529,0.0249568356615916,0.00211897661277664,0.0143619525977084,0,0.00808350337466646,0.0247213938157275,0.141463261525274,255,0.506946901786414,0,0.971276094804583,0.0287239051954167
"3400383050","Wyckoff township","Bergen",17231,0.925076896291568,0.00591956357727352,0,0.0519993035807556,0,0.00191515292205908,0.0150890836283443,0.141262418886273,256,0.506946901786414,0,0.966049561836225,0.0339504381637746
"3402741362","Long Hill township","Morris",8763,0.927193883373274,0.00775989957777017,0,0.0483852561908022,0.00136939404313591,0.00342348510783978,0.0118680817071779,0.137755706723344,257,0.506946901786414,0,0.957206436152003,0.0427935638479973
"3403179460","West Milford township","Passaic",26759,0.931051235098472,0.0121828169961508,0.00691356179229418,0.015919877424418,0.00156956537987219,0.0168915131357674,0.0154714301730259,0.132166784854688,258,0.506946901786414,0,0.909451025823088,0.0905489741769124
"3402545990","Middletown township","Monmouth",65952,0.931662421154779,0.0107805676855895,0.000651989325570112,0.033418243571082,0,0.0105379670063076,0.0129488112566715,0.130492987813347,259,0.506946901786414,0,0.942336851043183,0.0576631489568171
"3403775740","Vernon township","Sussex",22572,0.932349813928761,0.024809498493709,0.000531632110579479,0.00598086124401914,0,0.0124047492468545,0.0239234449760766,0.129346050894173,260,0.506946901786414,0,0.903420166578061,0.0965798334219387
"3401962250","Readington township","Hunterdon",15962,0.932715198596667,0.00732990853276532,0.00112767823581005,0.0413482019797018,0,0.00889612830472372,0.00858288435033204,0.128124878279938,261,0.506946901786414,0,0.956960280666583,0.0430397193334169
"3402970320","Stafford township","Ocean",27012,0.933918258551755,0.025396120242855,0,0.0132903894565378,0,0.010402783947875,0.0169924478009773,0.126578127772227,262,0.506946901786414,0,0.933399970383533,0.0666000296164668
"3400568610","Southampton township","Burlington",10274,0.934105509051976,0.0268639283628577,0,0.00506131983648044,0,0.0154759587307767,0.0184932840179093,0.126118103500773,263,0.506946901786414,0,0.956492116021024,0.0435078839789761
"3402777240","Washington township","Morris",18713,0.935606263025704,0.0144819109709827,0.00032063271522471,0.0379949767541281,0,0.00074814300219099,0.0108480735317694,0.122869233360518,264,0.506946901786414,0,0.961096563886068,0.0389034361139315
"3401543440","Mantua township","Gloucester",15110,0.936135009927201,0.0268034414295169,0,0.0256783587028458,0,0.00152217074784911,0.00986101919258769,0.12217388390716,265,0.506946901786414,0,0.967703507610854,0.0322964923891463
"3400728740","Haddon township","Camden",14612,0.93642211880646,0.0236791678072817,0,0.0205310703531344,0,0.0106077196824528,0.00875992335067068,0.121942127598157,266,0.506946901786414,0,0.959348480700794,0.0406515192992061
"3401530180","Harrison township","Gloucester",12884,0.938450791679603,0.026466935734244,0,0.0145917416951257,0,0.0100124185035703,0.0104781123874573,0.118186654619574,267,0.506946901786414,0,0.971126979199006,0.0288730208009935
"3402940560","Little Egg Harbor township","Ocean",20695,0.942014979463639,0.00951920753805267,0.000386566803575743,0.0166706934042039,0.000579850205363614,0.0066199565112346,0.0242087460739309,0.111608878264554,268,0.506946901786414,0,0.946508818555207,0.0534911814447934
"3400728770","Haddonfield borough","Camden",11428,0.942509625481274,0.0110255512775639,0,0.0206510325516276,0,0.00288764438221911,0.0229261463073154,0.110593631274143,269,0.506946901786414,0,0.961935596779839,0.038064403220161
"3403913150","Clark township","Union",15607,0.942525789709746,0.0133914269238162,0,0.0275517396040238,0,0.00634330749022874,0.0101877362721856,0.110562679541489,270,0.506946901786414,0,0.863458704427501,0.1365412955725
"3400941610","Lower township","Cape May",22051,0.942678336583375,0.0206339848532946,0,0.0061675207473584,0.000317445920819917,0.0107478118906172,0.0194549000045349,0.110399644726771,271,0.506946901786414,0,0.932565416534398,0.0674345834656025
"3402514560","Colts Neck township","Monmouth",10018,0.943302056298662,0.0173687362747055,0,0.0230584947095229,0,0.00139748452784987,0.0148732281892593,0.109124697524891,272,0.506946901786414,0,0.964364144539828,0.0356358554601717
"3402959790","Plumsted township","Ocean",8509,0.94441179927136,0.0373721941473734,0,0.00822658361734634,0,0.00564108590903749,0.00434833705488306,0.106571265938255,273,0.506946901786414,0,0.911858032671289,0.0881419673287108
"3400702200","Audubon borough","Camden",8736,0.945169413919414,0.0386904761904762,0,0.0016025641025641,0,0.00400641025641026,0.0105311355311355,0.105028301692965,274,0.506946901786414,0,0.978479853479853,0.0215201465201465
"3402758110","Pequannock township","Morris",15499,0.946706239112201,0.00148396670752952,0.00374217691463965,0.0142589844506097,0,0.0180011613652494,0.015807471449771,0.102953854179087,275,0.506946901786414,0,0.91663978321182,0.0833602167881799
"3402576460","Wall township","Monmouth",26020,0.947079169869331,0.0339354342813221,0,0.00995388162951576,0,0.00303612605687932,0.00599538816295158,0.101745189799604,276,0.506946901786414,0,0.967870868562644,0.0321291314373559
"3402904180","Beachwood borough","Ocean",11193,0.948896631823461,0.0127758420441347,0.000893415527561869,0.00321629589922273,0,0.014830697757527,0.0193871169480926,0.098825007324004,277,0.506946901786414,0,0.921826141338337,0.0781738586616635
"3403776790","Wantage township","Sussex",11062,0.948743446031459,0.00822636051346953,0,0.0117519435906708,0,0.000271198698246248,0.0310070511661544,0.0987185816561414,278,0.506946901786414,0,0.945037063822094,0.0549629361779063
"3402905305","Berkeley township","Ocean",41676,0.953906324983204,0.0149006622516556,0.00112774738458585,0.0156444956329782,0,0.00623860255302812,0.00818216719454842,0.0894888033419128,279,0.506946901786414,0,0.940877243497457,0.0591227565025434
"3402937380","Lacey township","Ocean",28444,0.969202643791309,0.00819153424272254,0.000246097595274926,0.0118478413725214,0,0.00682041906904795,0.00369146392912389,0.0603785571032545,280,0.506946901786414,0,0.952608634509914,0.0473913654900858
"3400974810","Upper township","Cape May",11990,0.976063386155129,0.0073394495412844,0,0.00275229357798165,0,0.00325271059216013,0.0105921601334445,0.0471160495853858,281,0.506946901786414,0,0.977731442869058,0.0222685571309425
"3402954300","Ocean township","Ocean",8838,0.976352115863317,0.00497850192351211,0.00554424077845666,0.00452591083955646,0,0,0.00859923059515728,0.0465865911262549,282,0.506946901786414,0,0.975673229237384,0.024326770762616
"3402959880","Point Pleasant borough","Ocean",18519,0.983800421189049,0.00388789891462822,0.000485987364328527,0.00167395647713159,0,0.00437388627895675,0.00577784977590583,0.0320660627670594,283,0.506946901786414,0,0.953885198984826,0.0461148010151736
