Municipality,County,"Population, 2013-17",Diversity Index,Population density,Diversity Index rank,Pop. density rank,Diversity Index percentile,Pop. density percentile,pct Asian,pct Black,pct White,pct Other race,pct Native American,pct Pacific Islander,pct Two or more,pct Hispanic,pct Non-Hispanic
Jersey City city,Hudson,265932,0.7382005175035617,17974.86424050501,1,9,1,0.9717314487632509,0.2539220552622475,0.2398658303626491,0.35407171758193823,0.11568370861724049,0.0039070138230825925,5.753350480573982e-4,0.03197433930478468,0.2881826933200969,0.7118173066799032
Atlantic City city,Atlantic,39075,0.7233135628000191,3631.8022967847696,2,121,0.9964664310954063,0.5759717314487632,0.1822648752399232,0.36238003838771593,0.319744081893794,0.09026231605886116,0.003506078055022393,0,0.0418426103646833,0.2926935380678183,0.7073064619321817
Paterson city,Passaic,147890,0.7212596454901136,17578.40011338546,3,10,0.9929328621908127,0.9681978798586572,0.03920481438907296,0.2776861180607208,0.29971600513895463,0.32751369260937185,0.0011292176617756441,0,0.05475015214010413,0.6073094867807154,0.3926905132192846
Pennsauken township,Camden,35863,0.6980178277440263,3422.543848960249,4,128,0.9893992932862191,0.5512367491166078,0.07383654462816831,0.26595655689708053,0.4382511223266319,0.18007417115132587,0.004823913225329727,0.0012547751164152469,0.03580291665504838,0.3187407634609486,0.6812592365390514
Hackensack city,Bergen,44673,0.6925415481415329,10658.58531425432,5,31,0.9858657243816255,0.8939929328621908,0.1046493407651154,0.25250151097978646,0.45830815033689254,0.14688962012848925,0.004365052716405883,0,0.0332863250733105,0.38152799229959933,0.6184720077004007
Lindenwold borough,Camden,17481,0.6865866064834172,4479.985917206171,6,95,0.9823321554770318,0.6678445229681979,0.014701676105485955,0.34036954407642583,0.39528631085178195,0.19529775184486015,0,0,0.05434471712144614,0.27589954808077344,0.7241004519192266
North Plainfield borough,Somerset,22092,0.6835520408146873,7869.070000497465,7,43,0.9787985865724381,0.8515901060070671,0.06178707224334601,0.20532319391634982,0.460483432916893,0.23958899149013219,8.147745790331341e-4,0,0.03200253485424588,0.47089444142676085,0.5291055585732392
Piscataway township,Middlesex,57695,0.6827510755451801,3071.2862705712128,8,139,0.9752650176678446,0.5123674911660777,0.3803449172371956,0.19842274027212065,0.3628217349857007,0.024473524568853454,0.001854580119594419,9.012912730739232e-4,0.031181211543461304,0.1134240402114568,0.8865759597885432
Camden city,Camden,75550,0.6793023802067433,8471.226646552543,9,39,0.9717314487632509,0.8657243816254417,0.03176704169424222,0.453964262078094,0.21217736598279285,0.2593646591661152,0.006313699536730642,7.015221707478491e-4,0.0357114493712773,0.48483123759099933,0.5151687624090007
Englewood city,Bergen,28509,0.6741532887121875,5788.1115855683975,10,73,0.9681978798586572,0.7455830388692579,0.12329439826019853,0.3076572310498439,0.45785541407976427,0.06962713529060999,0.002771054754638886,0,0.038794766564944405,0.24515065417938195,0.754849345820618
Plainfield city,Union,51097,0.6739080442175025,8574.394993791975,11,37,0.9646643109540636,0.872791519434629,0.009941875256864395,0.4080865804254653,0.2204826115036108,0.3322895669021665,0.00923733291582676,0.0014677965438284048,0.0184942364522379,0.4360529972405425,0.5639470027594575
Franklin township,Somerset,65999,0.6722638489797523,1429.4800193060385,12,197,0.9611307420494699,0.30742049469964666,0.22491249867422233,0.27051925029167107,0.45032500492431704,0.025091289261958513,0.006484946741617297,1.818209366808588e-4,0.022485189169532873,0.1360172123820058,0.8639827876179942
Elizabeth city,Union,129363,0.6638703415361301,10501.348610288787,13,32,0.9575971731448764,0.8904593639575972,0.017903109853667585,0.1916003803251316,0.4662693351267364,0.28345044564519994,0.004328903936983527,0,0.036447825112280945,0.6411261334384638,0.35887386656153614
Pleasantville city,Atlantic,20568,0.6548088071617105,3595.2088651682125,14,125,0.9540636042402827,0.5618374558303887,0.0191073512252042,0.38880785686503305,0.4206534422403734,0.12004084014002334,0.002187864644107351,0.0013613380007779074,0.047841306884480746,0.45556203811746404,0.544437961882536
Bergenfield borough,Bergen,27694,0.654620102119956,9536.116605941916,15,33,0.950530035335689,0.8869257950530035,0.28367155340506967,0.07857297609590524,0.49353650610240485,0.12110926554488337,9.749404203076478e-4,0,0.022134758431429192,0.26272838882068317,0.7372716111793168
Harrison town,Hudson,15898,0.6528529838153503,13126.34505988299,16,17,0.9469964664310954,0.9434628975265018,0.22386463706126558,0.036293873443200404,0.5007548119260284,0.21059252736193232,0.004151465593156372,0,0.024342684614416906,0.43540067933073345,0.5645993206692665
Bridgeton city,Cumberland,24948,0.6505404674462982,4005.5546552329697,17,109,0.9434628975265018,0.6183745583038869,0.0036075036075036075,0.3022687189353856,0.47354497354497355,0.18141734808401475,0.01074234407567741,0,0.028419111752445086,0.5131072631072631,0.4868927368927369
Union township,Union,58499,0.6486442506329695,6463.440585666357,18,61,0.9399293286219081,0.7879858657243817,0.10408724935468983,0.3059710422400383,0.49041863963486554,0.07779620164447255,0.0035043334074086737,1.0256585582659532e-4,0.018119967862698507,0.16338740833176635,0.8366125916682337
Rahway city,Union,29443,0.6481518446517904,7549.233147791757,19,50,0.9363957597173145,0.8268551236749117,0.037632034779064634,0.29348232177427575,0.4942770777434365,0.13633121624834427,8.151343273443603e-4,0,0.03746221512753456,0.32520463268009375,0.6747953673199063
Newark city,Essex,282803,0.6454153394005411,11713.480375592051,20,21,0.9328621908127208,0.9293286219081273,0.017460918024207663,0.5011969462841624,0.2528827487685774,0.19592437138219893,0.005537423577543378,2.652022786179779e-4,0.02673238968469217,0.3638398461119578,0.6361601538880423
North Brunswick township,Middlesex,42591,0.6444935349239588,3539.618793452157,21,126,0.9293286219081273,0.558303886925795,0.24963020356413326,0.18783311028151486,0.5062337113474678,0.03719095583573995,0.003216642013570942,2.817496654222723e-4,0.015613627292150925,0.19471249794557535,0.8052875020544247
Carteret borough,Middlesex,24040,0.6370031921284824,5474.926055357187,22,76,0.9257950530035336,0.734982332155477,0.2331946755407654,0.15357737104825292,0.530657237936772,0.05029118136439268,0.0022878535773710484,0,0.029991680532445924,0.3435108153078203,0.6564891846921797
Roselle borough,Union,21746,0.635457778805523,8252.763303683887,23,40,0.9222614840989399,0.8621908127208481,0.015727030258438333,0.5108525705876943,0.25899015910972134,0.18867837763266807,0,2.759128115515497e-4,0.025475949599926422,0.3085624942518164,0.6914375057481835
Asbury Park city,Monmouth,15830,0.6264974545959539,11078.11280717396,24,27,0.9187279151943463,0.9081272084805654,0.0066329753632343655,0.4678458622867972,0.37252053063802903,0.12381554011370816,0.009538850284270373,0,0.019646241313960835,0.3016424510423247,0.6983575489576753
Edison township,Middlesex,102304,0.6198386487266444,3403.011878959535,25,131,0.9151943462897526,0.5406360424028268,0.49015678761338755,0.07129730997810448,0.36354394745073504,0.0398420394119487,0.0025023459493274947,0,0.03265756959649672,0.09581248045042227,0.9041875195495778
Burlington township,Burlington,22713,0.6182458553680689,1688.965005292523,26,185,0.911660777385159,0.3498233215547703,0.07652005459428521,0.2942808083476423,0.5332628890943513,0.03359309646457976,7.044423898208075e-4,0,0.06163870910932066,0.10284858891383789,0.8971514110861621
Teaneck township,Bergen,40977,0.6154325271757565,6783.666443605321,27,57,0.9081272084805654,0.8021201413427562,0.08492569002123142,0.27627693584205776,0.5436220318715377,0.07060058081362716,0.0016594675061619934,2.440393391414696e-4,0.022671254606242527,0.1912780340190839,0.8087219659809162
Hillside township,Union,22069,0.6140140660629431,7976.595410535188,28,42,0.9045936395759717,0.8551236749116607,0.04177805972178168,0.5505913272010512,0.2580089718609815,0.11654356790067516,0.0010421858715845757,0.00144999773437854,0.03058588970954733,0.17327472925823553,0.8267252707417645
Linden city,Union,42230,0.611648711270649,3951.3258555766274,29,112,0.901060070671378,0.607773851590106,0.03933222827373905,0.29950272318257165,0.5365143263083116,0.09178309258820744,0.0031257399952640303,0.0011129528771015866,0.02862893677480464,0.30222590575420316,0.6977740942457968
South Brunswick township,Middlesex,45602,0.6111836140274253,1122.7315002915889,30,218,0.8975265017667845,0.2332155477031802,0.42344634007280385,0.08993026621639402,0.44807245296258935,0.017170299548265426,0.0022586728652252094,3.2893294153765187e-4,0.01879303539318451,0.06841805183983159,0.9315819481601684
Passaic city,Passaic,71057,0.6026178704723142,22680.71851528681,31,6,0.8939929328621908,0.9823321554770318,0.03376162798879773,0.09907539017971488,0.5694723954008754,0.24580266546575286,0.011385225945367804,7.740264857790225e-4,0.039728668533712375,0.731933518161476,0.268066481838524
Burlington city,Burlington,9835,0.6009839318764701,3211.4091099223474,32,137,0.8904593639575972,0.519434628975265,0.03253685815963396,0.31052364006100663,0.5403152008134214,0.014336553126588714,0.0018301982714794102,0.0036603965429588205,0.09679715302491103,0.1077783426537875,0.8922216573462125
Woodbridge township,Middlesex,101639,0.5993823877790699,4370.269950657534,33,100,0.8869257950530035,0.6501766784452296,0.2457718001948071,0.11539861667273389,0.5696337035980283,0.04136207558122374,0.001259359104280837,7.870994401755232e-5,0.026495734904908547,0.1886677358100729,0.8113322641899271
Leonia borough,Bergen,9191,0.5910308463451821,6034.333069458862,34,68,0.8833922261484098,0.7632508833922261,0.4098574692634099,0.028070938962028072,0.48656294200848654,0.019366771842019365,6.528125340006528e-4,0,0.05548906539005549,0.1694048525731694,0.8305951474268306
Belleville township,Essex,36383,0.5858664178264303,11039.150372129918,35,28,0.8798586572438163,0.9045936395759717,0.11112332682846385,0.10452683945798862,0.6094329769397796,0.13324904488359948,4.947365527856417e-4,0,0.04117307533738284,0.44430090976554987,0.5556990902344502
West Orange township,Essex,47609,0.5832814345831214,3966.906136061739,36,111,0.8763250883392226,0.6113074204946997,0.0808040496544771,0.27412884118549014,0.5769077275305089,0.03465731269297822,0.0015333235312650969,8.401772774055326e-5,0.03188472767753996,0.19880694826608414,0.8011930517339159
Trenton city,Mercer,84867,0.5830050182264821,11220.71726205273,37,24,0.872791519434629,0.9187279151943463,0.01431651878822157,0.5047662813578894,0.3962317508572237,0.06940271247952678,0.0018146040274782897,0,0.013468132489660292,0.35962152544569737,0.6403784745543026
Winslow township,Camden,39317,0.582905717046488,684.8229680085298,38,242,0.8692579505300353,0.14840989399293286,0.023704758755754507,0.35727547880051885,0.5342981407533637,0.0353027952285271,0.0029758119897245468,0,0.0464430144721113,0.10651880865783249,0.8934811913421675
Guttenberg town,Hudson,11733,0.5815861191577371,60788.42900165309,39,1,0.8657243816254417,1,0.07440552288417285,0.03349526975198159,0.583738174379954,0.26353021392653203,0.005795619193727094,0,0.03903519986363249,0.6584846160402285,0.3415153839597716
Palisades Park borough,Bergen,20716,0.5800746809312535,16720.754578732623,40,12,0.8621908127208481,0.9611307420494699,0.5674840702838386,0.019936281135354315,0.29812705155435415,0.09108901332303533,0.005020274184205445,0.0014481560146746477,0.016895153504537557,0.21070670013516124,0.7892932998648388
Plainsboro township,Middlesex,23487,0.5774468672655113,2000.5649610782043,41,179,0.8586572438162544,0.3710247349823322,0.5399582747903096,0.054285349342189294,0.3566228126197471,0.020351683910248223,0.009750074509303019,0,0.019031804828202836,0.03167709796908928,0.9683229020309108
Neptune township,Monmouth,27728,0.5769278931573019,3411.660586658829,42,130,0.8551236749116607,0.5441696113074205,0.029212348528563185,0.3522071552221581,0.5436021350259665,0.03534333525678015,0,0.002055683785343335,0.03757934218118869,0.08594200807847663,0.9140579919215234
Dover town,Morris,18307,0.5742256002393749,6842.031752619581,43,56,0.8515901060070671,0.8056537102473498,0.02709346151745234,0.06483858633309662,0.5656306330911673,0.31676407931392364,0.00213033265963839,0,0.02354290708472169,0.696509531873054,0.30349046812694597
Fort Lee borough,Bergen,37058,0.5717544852936677,14719.392525756319,44,15,0.8480565371024735,0.950530035335689,0.4141885692697933,0.025905337578930324,0.5046413729828917,0.020940147876302013,0.003427060283879324,7.555723460521345e-4,0.030141939662151222,0.1310108478601112,0.8689891521398888
Westampton township,Burlington,8730,0.5715295966955726,795.5212498088263,45,234,0.8445229681978799,0.17667844522968199,0.05441008018327606,0.22348224513172968,0.6038946162657503,0.015005727376861398,0,0,0.10320733104238258,0.12107674684994273,0.8789232531500573
South Plainfield borough,Middlesex,24154,0.56957870500698,2911.4904937417496,46,144,0.8409893992932862,0.49469964664310956,0.16875051751262732,0.11161712345781237,0.6190279042808644,0.07510143247495239,0,0,0.02550302227374348,0.16510722861637825,0.8348927713836217
Roselle Park borough,Union,13709,0.5675204831354875,11195.601232350926,47,25,0.8374558303886925,0.9151943462897526,0.08344882923626815,0.093515208986797,0.6219272011087607,0.17090962141658764,0.0026260121088336127,0,0.027573127142752937,0.27215697716828363,0.7278430228317164
West New York town,Hudson,53345,0.5670315638231062,53652.69666480975,48,3,0.833922261484099,0.9929328621908127,0.0620489267972631,0.03387384009747867,0.5953135251663698,0.26885368825569406,0.0021745243228043867,0.001930827631455619,0.03580466772893429,0.7694816758834006,0.2305183241165995
Edgewater borough,Bergen,12165,0.563167286906015,12527.73109436957,49,18,0.8303886925795053,0.9399293286219081,0.356596794081381,0.051787916152897656,0.5535552815454172,0.017673653925195234,0.0013152486642005754,0.0036169338265515825,0.015454171804356761,0.13538840937114674,0.8646115906288533
Woodbury city,Gloucester,9980,0.5609416227244067,4941.244068566206,50,86,0.8268551236749117,0.6996466431095406,0.009318637274549098,0.27294589178356715,0.5976953907815631,0.056312625250501,0,0,0.06372745490981964,0.11172344689378758,0.8882765531062125
Bloomfield township,Essex,48892,0.5607328898449362,9162.25684917971,51,36,0.823321554770318,0.8763250883392226,0.09433036079522213,0.18698355559191687,0.624785240939213,0.06542992718645177,4.499713654585617e-4,3.0679865826720116e-4,0.027714145463470508,0.2822752188497096,0.7177247811502905
Maplewood township,Essex,24706,0.5604059491256455,6377.403624366219,52,63,0.8197879858657244,0.7809187279151943,0.027847486440540758,0.34181980085809116,0.5655306403302841,0.022990366712539463,0.001538087913867077,0,0.04027361774467741,0.07900914757548774,0.9209908524245123
Hamilton township,Atlantic,26663,0.557666360518263,240.34873223970447,53,278,0.8162544169611308,0.02120141342756184,0.06803435472377452,0.19457675430371676,0.6284364100063758,0.05487004463113678,0.011139031616847317,7.876082961407193e-4,0.04215579642200803,0.1545587518283764,0.8454412481716236
Red Bank borough,Monmouth,12220,0.5571105027576804,7000.294976046622,54,54,0.8127208480565371,0.8127208480565371,0.022504091653027823,0.1339607201309329,0.6172667757774141,0.20752864157119477,0,0,0.018739770867430443,0.36661211129296234,0.6333878887070377
West Windsor township,Mercer,28289,0.5528086026122757,1107.1830804493584,55,220,0.8091872791519434,0.22614840989399293,0.46647106649227615,0.026900915550213865,0.47785358266463995,0.0068224398175969455,0,0,0.021951995475273073,0.030188412457138818,0.9698115875428612
Parsippany-Troy Hills township,Morris,53444,0.5434786394124715,2273.2053284160797,56,166,0.8056537102473498,0.4169611307420495,0.3282875533268468,0.043989970810568074,0.5881857645385824,0.011919018037572037,0.0010104034129181946,0,0.026607289873512463,0.096268991841928,0.903731008158072
Edgewater Park township,Burlington,8799,0.5371983490927903,3015.2302407775906,57,140,0.8021201413427562,0.508833922261484,0.014660756904193658,0.29378338447550856,0.61075122172974206,0.0458006591658143,9.09194226616661e-4,0,0.03409478349812479,0.1484259574951699,0.85157404250483
Bayonne city,Hudson,66719,0.5368394109609254,11460.88544614183,58,22,0.7985865724381626,0.9257950530035336,0.08965961720049762,0.11113775686086422,0.6569642830378153,0.09767832251682429,0.0012889881443067192,0.0030725880184055516,0.04019844422128629,0.2960326143976978,0.7039673856023022
Long Branch city,Monmouth,30751,0.533528211494708,6000.986409911567,59,69,0.7950530035335689,0.7597173144876325,0.03219407498943124,0.1498162661376866,0.6501251991805145,0.14006048583785893,0.0011706936359793178,0,0.026633280218529478,0.31459139540177555,0.6854086045982245
Secaucus town,Hudson,19279,0.5295569581348374,3308.917693162438,60,135,0.7915194346289752,0.5265017667844523,0.30063799989626017,0.030603247056382593,0.6147103065511696,0.024378857824575963,0.004097722910939364,2.0747964106022096e-4,0.025364386119612014,0.16878468800248975,0.8312153119975102
Little Ferry borough,Bergen,10942,0.5281532632757203,7407.928507989805,61,52,0.7879858657243817,0.8197879858657244,0.26210930360080426,0.027417291171632243,0.6316029976238348,0.05337232681411076,0,5.483458234326449e-4,0.02494973496618534,0.2733503929811735,0.7266496070188265
Ewing township,Mercer,36437,0.527261025149675,2396.7908083137095,62,162,0.784452296819788,0.43109540636042404,0.048082992562505145,0.28761972720037327,0.6220051047012652,0.018470236298268244,0.002250459697560172,0,0.021571479540027992,0.08518813294178994,0.91481186705821
Ridgefield borough,Bergen,11369,0.5272377420793439,4470.214265180121,63,96,0.7809187279151943,0.6643109540636042,0.299234761192717,0.011170727416659337,0.6170287624241358,0.037558272495382176,0.004309965696191398,0,0.03069751077491424,0.28648078107133435,0.7135192189286657
New Brunswick city,Middlesex,56792,0.5265177809655213,10853.194724923884,64,30,0.7773851590106007,0.8975265017667845,0.09742569375968446,0.13956191012818706,0.6619418227919426,0.07715875475419073,0.003856176926327652,6.338920974785181e-4,0.019421749542189042,0.5299161853782223,0.47008381462177773
Haledon borough,Passaic,8440,0.5246346106331843,6947.661483361511,65,55,0.773851590106007,0.8091872791519434,0.047867298578199054,0.0821090047393365,0.6626777251184834,0.15746445497630332,9.478672985781991e-4,0,0.048933649289099525,0.4821090047393365,0.5178909952606635
Clifton city,Passaic,86207,0.5239218282450977,7648.511361772182,66,47,0.7703180212014135,0.8374558303886925,0.09821708213950144,0.06725671929193686,0.663878803345436,0.1438282274061271,0.004929994084007099,3.9439952672056796e-4,0.021494774206270953,0.37008595589685295,0.6299140441031471
South Orange Village township,Essex,16503,0.5215249158479589,5799.126897116737,67,72,0.7667844522968198,0.7491166077738516,0.050415076046779375,0.2659516451554263,0.635217839180755,0.007271405199054717,5.453553899291038e-4,0,0.04059867902805551,0.06562443192146883,0.9343755680785312
East Windsor township,Mercer,27675,0.5180605848142191,1777.8062596794289,68,181,0.7632508833922261,0.36395759717314485,0.19718157181571816,0.0814453477868112,0.6591508581752484,0.034688346883468835,2.8906955736224027e-4,0,0.027244805781391147,0.2316531165311653,0.7683468834688347
Closter borough,Bergen,8710,0.5178924682425547,2756.139919745895,69,147,0.7597173144876325,0.4840989399293286,0.3598163030998852,0.03857634902411022,0.5925373134328358,0.002296211251435132,0,0,0.006773823191733639,0.07382319173363949,0.9261768082663605
Pemberton township,Burlington,27573,0.5172629616063841,447.9446040018372,70,259,0.7561837455830389,0.08833922261484099,0.02263083451202263,0.19482827403619482,0.6593406593406593,0.02767199796902767,0.001341892431001342,0.00054401044500054405,0.09364233126609364,0.1305987741631306,0.8694012258368694
Cliffside Park borough,Bergen,24861,0.5122879153550479,26011.569822586778,71,5,0.7526501766784452,0.9858657243816255,0.1673705804271751,0.03254092755721813,0.6689594143437513,0.10168537066087446,7.642492256948635e-4,5.229073649491171e-4,0.028156550420337073,0.3005912875588271,0.699408712441173
Montclair township,Essex,38572,0.5118030673688015,6183.513114632715,72,66,0.7491166077738516,0.7703180212014135,0.03297728922534481,0.24701856268796019,0.6507570258218397,0.022192263818313802,0.0010888727574406305,0,0.0459659856891009,0.0984911334646894,0.9015088665353106
Pine Hill borough,Camden,10517,0.5107040097511115,2689.3569004836604,73,151,0.7455830388692579,0.46996466431095407,0.01568888466292669,0.2563468669772749,0.648188646952553,0.03822382808785776,0,0,0.041551773319387655,0.09727108491014548,0.9027289150898545
Kearny town,Hudson,42487,0.5085672275923201,4803.875321659424,74,91,0.7420494699646644,0.6819787985865724,0.04930920046131758,0.046061148115894276,0.6705345164403229,0.1886930119801351,0.0045896391837503235,3.530491679807941e-4,0.04045943465059901,0.470661614140796,0.529338385859204
Voorhees township,Camden,29386,0.5066402783280404,2561.7774446450967,75,156,0.7385159010600707,0.45229681978798586,0.19199618866126728,0.10328047369495678,0.6672224868985231,0.01092356904648472,0.004015517593411829,0,0.02256176410535629,0.04389845504662084,0.9561015449533792
Highland Park borough,Middlesex,14250,0.5047341975992613,7826.97828521472,76,44,0.734982332155477,0.8480565371024735,0.13908771929824562,0.10224561403508772,0.6800701754385965,0.04119298245614035,0.0017543859649122807,0,0.03564912280701754,0.1527719298245614,0.8472280701754386
Bogota borough,Bergen,8437,0.5045904449419636,11180.345876696021,77,26,0.7314487632508834,0.911660777385159,0.05914424558492355,0.10619888585990281,0.6825885978428351,0.11568092924025128,0,0,0.036387341472087234,0.44506341116510606,0.5549365888348939
Middlesex borough,Middlesex,13875,0.5043626458891324,3977.612156268567,78,110,0.7279151943462897,0.6148409893992933,0.07358558558558559,0.09744144144144144,0.6834594594594594,0.11163963963963965,0,0,0.033873873873873875,0.24605405405405406,0.753945945945946
Sayreville borough,Middlesex,44744,0.5043559214621327,2826.771006405287,79,145,0.7243816254416962,0.4911660777385159,0.16049079206150546,0.1294475236903272,0.6726488467727516,0.014996424101555515,5.140354013946004e-4,7.375290541748614e-4,0.02116484891829072,0.12412837475415699,0.875871625245843
Egg Harbor township,Atlantic,43651,0.4996311667444814,650.9435792211616,80,246,0.7208480565371025,0.13427561837455831,0.12306705459210557,0.07981489542049437,0.6877505669973196,0.05926553801745665,0.0017639916611303292,0,0.04833795331149344,0.17019083182515865,0.8298091681748414
Glassboro borough,Gloucester,19387,0.4974546233451588,2080.121875543032,81,178,0.7173144876325088,0.3745583038869258,0.02873059266518801,0.18631041419507918,0.6783411564450404,0.07757775829163872,0,0,0.02904007840305359,0.12018362820446692,0.8798163717955331
Freehold borough,Monmouth,11938,0.49666545145675167,6178.370427750032,82,67,0.7137809187279152,0.7667844522968198,0.01951750712012062,0.1296699614675825,0.6812698944546826,0.1474283799631429,0.00712012062321997,0,0.014994136371251465,0.4935500083766125,0.5064499916233876
Montgomery township,Somerset,23059,0.4965658257152542,713.9038273216769,83,240,0.7102473498233216,0.15547703180212014,0.3223036558393686,0.023461555141159635,0.6313803720889891,0.0010408083611605013,0.0030356910533847954,0,0.018777917515937378,0.046185871026497245,0.9538141289735027
East Brunswick township,Middlesex,48673,0.4922846828140822,2234.3376531594413,84,170,0.7067137809187279,0.4028268551236749,0.2556859038892199,0.04556941219978222,0.6629959114909704,0.011299899328169622,5.341770591498367e-4,0,0.02391469603270807,0.07519569371109239,0.9248043062889076
Paramus borough,Bergen,26919,0.4878635007956812,2577.2786708082263,85,155,0.7031802120141343,0.4558303886925795,0.28288569411939524,0.03165050707678591,0.6562650915710093,0.010698762955533266,8.544150971432817e-4,0,0.017645529180132992,0.09446859095805936,0.9055314090419406
Galloway township,Atlantic,37029,0.4876950885233451,417.62611161368585,86,264,0.6996466431095406,0.0706713780918728,0.11463987685327716,0.11599016986686111,0.6951038375327446,0.036241864484593156,0.0025385508655378216,5.671230657052581e-4,0.03491857733128089,0.11480191201490723,0.8851980879850928
East Rutherford borough,Bergen,9433,0.485758560412492,2541.563350910739,87,157,0.696113074204947,0.44876325088339225,0.1943178204176826,0.04696279020460087,0.6871620905332344,0.03911799003498357,0.00636064878617619,0.0037103784586027776,0.0223682815647196,0.20650906392452031,0.7934909360754797
Lawrence township,Mercer,33288,0.48495579077668194,1532.2417329046757,88,193,0.6925795053003534,0.3215547703180212,0.1566029800528719,0.11821076664263398,0.68985820716174,0.011776015380918048,4.5061283345349673e-4,6.909396779620283e-4,0.02241047825042057,0.08576664263398222,0.9142333573660177
Ridgefield Park village,Bergen,13070,0.48420932779706005,7666.995496770896,89,46,0.6890459363957597,0.8409893992932862,0.13718439173680183,0.05868400918133129,0.6969395562356542,0.0864575363427697,0.0019127773527161439,8.416220351951033e-4,0.017980107115531753,0.42662586074980874,0.5733741392501913
Vineland city,Cumberland,60824,0.4826234796047214,889.3306446039237,90,229,0.6855123674911661,0.19434628975265017,0.013662370117059055,0.14370971984742864,0.696846639484414,0.09259502827831119,0.004554123372353018,1.8084966460607654e-4,0.04845126923582796,0.39063527554912536,0.6093647244508746
Tenafly borough,Bergen,14882,0.4813892492373053,3244.8669836533136,91,136,0.6819787985865724,0.5229681978798587,0.2597097164359629,0.022980782152936433,0.6704743986023384,0.02405590646418492,0,0,0.02277919634457734,0.10966267974734578,0.8903373202526542
North Bergen township,Hudson,63438,0.4794042542670085,12352.153011509532,92,19,0.6784452296819788,0.9363957597173145,0.06905955421041017,0.033245058167029225,0.6952772786027303,0.17505280746555693,0.0011034395788013494,4.5713925407484473e-4,0.02580472272139727,0.7312021186039913,0.2687978813960087
Somerville borough,Somerset,12234,0.4693278759145174,5232.534108323627,93,80,0.6749116607773852,0.7208480565371025,0.11239169527546183,0.09596207291155795,0.7108059506293934,0.053866274317475885,8.173941474579042e-4,0,0.026156612718652935,0.21775380088278568,0.7822461991172143
City of Orange township,Essex,30731,0.4626620276907816,13888.657708789493,94,16,0.6713780918727915,0.9469964664310954,0.013862223813087762,0.7084051934528652,0.1298363216296248,0.13533565455077934,4.230256093195796e-4,5.531873352640655e-4,0.011584393609059256,0.24564771728873125,0.7543522827112688
Maywood borough,Bergen,9789,0.462128874090589,7607.930635410789,95,49,0.6678445229681979,0.8303886925795053,0.15629788538155073,0.04699152109510675,0.7125344774747165,0.04648074369189907,7.15088364490755e-4,0,0.036980283992236185,0.20819286954745123,0.7918071304525488
Mount Holly township,Burlington,9536,0.46210606715350666,3377.984864233038,96,133,0.6643109540636042,0.5335689045936396,0.020134228187919462,0.20176174496644295,0.7028104026845637,0.036283557046979865,0,0,0.03901006711409396,0.16610738255033558,0.8338926174496645
Lodi borough,Bergen,24805,0.45935109496077053,10916.69722361565,97,29,0.6607773851590106,0.901060070671378,0.11521870590606732,0.07579117113485184,0.7195323523483169,0.055392058052811936,0.005764966740576497,0,0.02830074581737553,0.36049183632332193,0.6395081636766781
New Milford borough,Bergen,16760,0.45848065629610224,7341.536678547283,98,53,0.657243816254417,0.8162544169611308,0.18042959427207636,0.03383054892601432,0.7105011933174225,0.05041766109785203,0.003520286396181384,0,0.02130071599045346,0.17547732696897375,0.8245226730310262
Dumont borough,Bergen,17882,0.45821866247386633,9173.124405948178,99,35,0.6537102473498233,0.8798586572438163,0.1661447265406554,0.05100100659881445,0.7133430265071021,0.04820489878089699,0.0015098982216754278,0,0.01979644335085561,0.18029303209931774,0.8197069679006822
Union City city,Hudson,69815,0.4514593826147657,54246.15193246864,100,2,0.6501766784452296,0.9964664310954063,0.04090811430208408,0.04834204683807205,0.7207476903244289,0.1554966697701067,0.004483277232686386,8.164434577096612e-4,0.02920575807491227,0.7958748120031511,0.2041251879968488
Willingboro township,Burlington,31568,0.4502598185296228,4085.757967733169,101,105,0.6466431095406361,0.6325088339222615,0.020717181956411555,0.7144260010136847,0.1880068423720223,0.019861885453623922,4.118094272681196e-4,3.1677648251393815e-4,0.05625950329447542,0.09281550937658388,0.9071844906234161
Bridgewater township,Somerset,45336,0.4467386470649175,1421.7087856039218,102,199,0.6431095406360424,0.3003533568904594,0.22637638962413975,0.02902770425269102,0.7074510322922181,0.01694017998941239,2.4263278630668784e-4,0,0.019962061055232044,0.09237691900476443,0.9076230809952356
Morristown town,Morris,18833,0.4447035128991319,6473.74321337481,103,60,0.6395759717314488,0.7915194346289752,0.06085063452450486,0.0909042637922795,0.7314288748473424,0.0859661232942176,0,0,0.030850103541655606,0.3269792385705942,0.6730207614294058
Lumberton township,Burlington,12390,0.4440266532735856,961.757516367256,104,225,0.6360424028268551,0.20848056537102475,0.03123486682808717,0.17877320419693302,0.7211460855528652,0.016868442292171104,0,0,0.0519774011299435,0.05746569814366424,0.9425343018563358
Cresskill borough,Bergen,8811,0.44386379470333515,4279.758812412901,105,101,0.6325088339222615,0.6466431095406361,0.27431619566451027,0.00397230734309386,0.6931108841221201,0.008852570650323459,0,0,0.01974804221995233,0.07615480649188515,0.9238451935081149
Millburn township,Essex,20387,0.44175470501488556,2184.3355707166297,106,172,0.6289752650176679,0.3957597173144876,0.20930004414577918,0.031049198018345023,0.7158973855888556,0.0198165497621033,0,0,0.02393682248491686,0.044341982635993524,0.9556580173640065
River Edge borough,Bergen,11648,0.4414944749511306,6356.134535850427,107,64,0.6254416961130742,0.7773851590106007,0.22467376373626374,0.010130494505494506,0.7116243131868132,0.036401098901098904,0.003949175824175824,0,0.013221153846153846,0.11263736263736264,0.8873626373626373
Eatontown borough,Monmouth,12258,0.43381547290708833,2098.7440918423804,108,176,0.6219081272084805,0.38162544169611307,0.08337412302170011,0.10719530102790015,0.7387012563224017,0.03181595692608909,0.007342143906020558,0,0.0315712187958884,0.1356665035079132,0.8643334964920868
Princeton,Mercer,30722,0.43114883285821604,1712.7911905913174,109,184,0.6183745583038869,0.35335689045936397,0.16854371460191395,0.06360263003710696,0.7318859449254606,0.008821040296855674,4.23149534535512e-4,9.764989258511815e-4,0.025747021678276152,0.0742139183646898,0.9257860816353102
Cherry Hill township,Camden,71204,0.4299229652585338,2957.972708300807,110,142,0.6148409893992933,0.5017667844522968,0.13464131228582663,0.06652716139542722,0.7387646761417898,0.029478680972979045,9.269142183023426e-4,0,0.029661254985674963,0.07026290657828212,0.9297370934217178
Gloucester township,Camden,64034,0.42904330604444174,2789.5732633577054,111,146,0.6113074204946997,0.4876325088339223,0.04097823031514508,0.15502701689727333,0.7369053940094324,0.035168816566199204,2.811006652715745e-4,3.74800887028766e-4,0.03126464065964956,0.06855732891901177,0.9314426710809882
Deptford township,Gloucester,30556,0.4273964069430266,1763.1157746675296,112,182,0.607773851590106,0.36042402826855124,0.059202775232360255,0.13751799973818563,0.7404110485665663,0.030272286948553474,0,0,0.032595889514334335,0.07425710171488414,0.9257428982851158
Livingston township,Essex,29955,0.42512983964345796,2173.018753367076,113,174,0.6042402826855123,0.38869257950530034,0.2243698881655817,0.016491403772325153,0.7235519946586546,0.008045401435486562,0,0.0018360874645301285,0.0257052245034218,0.040227007177432814,0.9597729928225672
Elmwood Park borough,Bergen,20293,0.4244799398174647,7678.340275622794,114,45,0.6007067137809188,0.8445229681978799,0.08456117873158232,0.06672251515300842,0.7474991376336668,0.06120337062041098,0.0014783422855171734,9.362834474942099e-4,0.03759917212832011,0.2710786970876657,0.7289213029123343
Hillsborough township,Somerset,39712,0.4222939017188868,727.1422212985544,115,238,0.5971731448763251,0.1625441696113074,0.1687147461724416,0.05466861402095085,0.7385676873489122,0.010676873489121675,0.0018130539887187753,0,0.025559024979854957,0.0774576954069299,0.9225423045930701
Weehawken township,Hudson,14268,0.4201864362833182,18282.588302714204,116,8,0.5936395759717314,0.9752650176678446,0.09987384356602187,0.03973927670311186,0.7501401738155312,0.05999439304737875,0.006588169329969162,0,0.0436641435379871,0.37601626016260165,0.6239837398373984
Mansfield township,Burlington,8586,0.41595427613107405,395.06202783115856,117,265,0.5901060070671378,0.06713780918727916,0.12194269741439553,0.09340787328208712,0.7480782669461915,0.009317493594223155,0,0,0.027253668763102725,0.031446540880503145,0.9685534591194969
Clayton borough,Gloucester,8475,0.4156197457383767,1197.9321791198015,118,211,0.5865724381625441,0.2579505300353357,0.015339233038348082,0.16094395280235987,0.743952802359882,0.00943952802359882,0.0018879056047197641,0,0.06843657817109144,0.04519174041297935,0.9548082595870206
Scotch Plains township,Union,24339,0.4151415760240933,2698.1261804640635,119,150,0.5830388692579506,0.4734982332155477,0.08554172316035992,0.12399852089239492,0.7492090882945067,0.02021447060273635,0,0,0.021036197050002054,0.08048810550967583,0.9195118944903242
Rutherford borough,Bergen,18622,0.4148811206163291,6696.018783303686,120,58,0.5795053003533569,0.7985865724381626,0.17543765438728387,0.022822468048544733,0.7427773601116958,0.01358608097948663,0.001073998496402105,5.369992482010525e-4,0.04376543872838578,0.16797336483728922,0.8320266351627108
Monroe township,Middlesex,43796,0.4125415723015936,1044.1190064429554,121,222,0.5759717314487632,0.21908127208480566,0.19837428075623345,0.03790300484062471,0.7391314275276281,0.004749292172801169,0.00171248515846196,0,0.018129509544250615,0.04075714677139465,0.9592428532286054
Millville city,Cumberland,28235,0.4118892310417177,672.2755367762801,122,244,0.5724381625441696,0.1413427561837456,0.01607933415973083,0.19015406410483443,0.7418452275544537,0.016433504515672038,0.002585443598370816,0,0.0329024260669382,0.17216221002302107,0.8278377899769789
Old Bridge township,Middlesex,66880,0.4110221500230363,1751.660212399765,123,183,0.568904593639576,0.3568904593639576,0.1369916267942584,0.06976674641148325,0.7513307416267943,0.0190938995215311,8.971291866028708e-4,0,0.021919856459330145,0.13522727272727272,0.8647727272727272
Bordentown township,Burlington,11808,0.41003142649143287,1385.9303821932838,124,204,0.5653710247349824,0.2826855123674912,0.10391260162601626,0.08553523035230352,0.7551659891598916,0.022950542005420054,0,0,0.03243563685636856,0.07096883468834689,0.9290311653116531
Maple Shade township,Burlington,18940,0.4027474244794599,4948.173581279647,125,85,0.5618374558303887,0.7031802120141343,0.07053854276663146,0.10010559662090814,0.7612988384371701,0.04751847940865892,0,0,0.020538542766631467,0.10966209081309398,0.890337909186906
Metuchen borough,Middlesex,13940,0.40225228433396676,4892.400138356669,126,88,0.558303886925795,0.6925795053003534,0.14691535150645624,0.051936872309899566,0.7565279770444763,0.01406025824964132,0,0,0.030559540889526542,0.0703012912482066,0.9296987087517934
Clinton township,Hunterdon,13067,0.40040552751863623,437.5325694871326,127,260,0.5547703180212014,0.08480565371024736,0.05219254610851764,0.12550700237238846,0.7611540521925461,0.03405525369250784,0.0026785030994107293,0,0.024412642534629218,0.0971913981786179,0.9028086018213821
Springfield township,Union,17528,0.3980096799154085,3398.9672722966916,128,132,0.5512367491166078,0.5371024734982333,0.09841396622546782,0.08683249657690552,0.7634641716111364,0.042560474669100866,0,0,0.00872889091738932,0.10429027841168416,0.8957097215883159
Florence township,Burlington,12645,0.3966754520633019,1294.4579195456251,129,209,0.5477031802120141,0.26501766784452296,0.06468960063266113,0.12708580466587585,0.7626729932779754,0.010913404507710557,0,0,0.034638196915776985,0.06729932779754844,0.9327006722024516
Hamilton township,Mercer,89206,0.39346598939252986,2264.7752662245853,130,167,0.5441696113074205,0.4134275618374558,0.04790036544627043,0.1387911127054234,0.7640853754231778,0.025726969037957088,5.605004147703069e-4,8.631706387462727e-4,0.022072506333654686,0.14893617021276595,0.851063829787234
Bernards township,Somerset,27032,0.39240522900045627,1116.9626114705968,131,219,0.5406360424028268,0.22968197879858657,0.19192068659366676,0.0234166913287955,0.7548091151228175,0.011023971589227582,0,0,0.01882953536549275,0.05423202130807931,0.9457679786919206
Holmdel township,Monmouth,16648,0.39080034896171656,932.9177491086234,132,227,0.5371024734982333,0.20141342756183744,0.19389716482460356,0.011592984142239308,0.7554661220567035,0.016638635271504085,9.010091302258529e-4,0,0.021504084574723692,0.05466122056703508,0.945338779432965
Marlboro township,Monmouth,40466,0.38828729300095344,1333.8028411889015,133,206,0.5335689045936396,0.2756183745583039,0.19379231947808037,0.02406958928483171,0.7571541541046805,0.00820441852419315,0.001779271487174418,0,0.015000247121039886,0.05006672268076904,0.9499332773192309
Montvale borough,Bergen,8440,0.3868586734350081,2097.8682909037275,134,177,0.5300353356890459,0.37809187279151946,0.15343601895734596,0.030805687203791468,0.7662322274881517,0.03755924170616114,7.109004739336493e-4,0,0.011255924170616114,0.11812796208530806,0.8818720379146919
Woodland Park borough,Passaic,12542,0.38627824923819687,4273.330062560167,135,102,0.5265017667844523,0.6431095406360424,0.06442353691596236,0.06250996651251794,0.7753946738957104,0.058682825705629084,0.008929995216073992,0,0.030059001754106203,0.2704512836868123,0.7295487163131877
Somers Point city,Atlantic,10644,0.37838391714863073,2654.0690337441392,136,152,0.5229681978798587,0.4664310954063604,0.05674558436677941,0.1380120255543029,0.7738632093198046,0.012589252160841788,7.51597143930853e-4,0,0.018038331454340473,0.10700864336715521,0.8929913566328448
Mount Laurel township,Burlington,41795,0.37732386732414835,1925.5557161283355,137,180,0.519434628975265,0.3674911660777385,0.0896997248474698,0.08812058858715158,0.7783945448020098,0.014451489412609164,0.0018662519440124418,0,0.02746740040674722,0.044407225744706305,0.9555927742552937
Monroe township,Gloucester,36779,0.3695926847997788,792.3300508433895,138,235,0.5159010600706714,0.17314487632508835,0.023029446151336362,0.15035754098806384,0.7784333451154192,0.015416406101307812,0,0,0.03276326164387286,0.06280758041273553,0.9371924195872645
Westwood borough,Bergen,11246,0.3687824317498357,4979.319052057682,139,83,0.5123674911660777,0.7102473498233216,0.0880313000177841,0.06891339142806331,0.7852569802596479,0.04339320647341277,0,0,0.014405121821091944,0.16565890094255736,0.8343410990574427
Fairview borough,Bergen,14422,0.3662532824731688,17094.63914828315,140,11,0.508833922261484,0.9646643109540636,0.037442795728747744,0.03141034530578283,0.7852586326445707,0.11919289973651366,0.004298987657745112,0,0.022396338926639857,0.5854250450700319,0.4145749549299681
Upper Saddle River borough,Bergen,8339,0.3651599655968202,1587.5238360152753,141,190,0.5053003533568905,0.3321554770318021,0.13982491905504257,0.03717472118959108,0.7827077587240676,0.004916656673462046,0,0,0.03537594435783667,0.06439621057680778,0.9356037894231922
Perth Amboy city,Middlesex,52563,0.36417347666117283,11276.368998653275,142,23,0.5017667844522968,0.9222614840989399,0.01531495538686909,0.0824153872495862,0.786846260677663,0.0968552023286342,0.0015600327226375967,0,0.017008161634609897,0.8221372448300135,0.17786275516998648
Montville township,Morris,21739,0.36301275133194744,1169.4184780211376,143,212,0.49823321554770317,0.254416961130742,0.19039514237085423,0.008142048852293114,0.7747366484198905,0.0034500207001242006,0.0023920143520861125,0,0.020884125304751828,0.0493582961497769,0.9506417038502231
Bellmawr borough,Camden,11482,0.3625803158771327,3847.4911810773187,144,115,0.49469964664310956,0.5971731448763251,0.09797944608953144,0.023253788538582128,0.7888869534924229,0.06740985890959764,0.002874063751959589,0,0.01959588921790629,0.11661731405678454,0.8833826859432155
Aberdeen township,Monmouth,18372,0.3615150095642945,3375.1053282867674,145,134,0.4911660777385159,0.5300353356890459,0.052307859786631834,0.08708904855214457,0.7910951447855432,0.03586980187241454,7.075985194861746e-4,5.987372087959939e-4,0.03233180927498367,0.10657522316568692,0.8934247768343131
Runnemede borough,Camden,8391,0.3612899912441444,4091.0974920186927,146,103,0.4876325088339223,0.6395759717314488,0.04111548087236325,0.08068168275533309,0.7916815635800262,0.05029197950184722,0.0013109283756405673,0,0.034918364914789654,0.11953283279704445,0.8804671672029556
Robbinsville township,Mercer,14281,0.36058307336092144,698.6527315475141,147,241,0.4840989399293286,0.1519434628975265,0.1483089419508438,0.03396120719837546,0.784678944051537,0.015895245430992227,0,0,0.017155661368251522,0.04908619844548701,0.950913801554513
Woolwich township,Gloucester,12172,0.3591092711123043,577.6779326452848,148,252,0.48056537102473496,0.11307420494699646,0.06375287545185672,0.09940847847518895,0.7911600394347683,0.026207689779822543,0,0.0015609595793624712,0.017909957279000986,0.060630956293131776,0.9393690437068682
Tinton Falls borough,Monmouth,17902,0.3589472923381899,1156.8534629217716,149,215,0.47703180212014135,0.24381625441696114,0.05502178527538822,0.08842587420399955,0.7926488660484862,0.02653334822924813,0.0025695453022008714,1.1171936096525528e-4,0.034688861579711766,0.0507205898782259,0.9492794101217741
Keansburg borough,Monmouth,9868,0.3546539904362226,9202.545054927827,150,34,0.4734982332155477,0.8833922261484098,0.028070531009323066,0.07235508715038508,0.7964126469396028,0.05685042561815971,0.0038508309687880016,0,0.04246047831374138,0.15220916092419942,0.8477908390758006
Wood-Ridge borough,Bergen,8350,0.34948660762307715,7498.591101392412,151,51,0.46996466431095407,0.823321554770318,0.13868263473053893,0.02682634730538922,0.7935329341317365,0.016766467065868262,0,0,0.024191616766467066,0.13736526946107785,0.8626347305389221
Absecon city,Atlantic,8370,0.349179395605572,1530.6679205503262,152,194,0.4664310954063604,0.31802120141342755,0.06379928315412187,0.08685782556750299,0.7985663082437277,0.035603345280764635,0,0,0.015173237753882915,0.07419354838709677,0.9258064516129032
Nutley township,Essex,28829,0.3473311703168265,8548.040455517108,153,38,0.4628975265017668,0.8692579505300353,0.11550868916715808,0.029831072878004787,0.7980158867806723,0.02709077664851365,0,0,0.029553574525651254,0.15737625307849734,0.8426237469215027
Hasbrouck Heights borough,Bergen,12205,0.34644414910444443,8011.826419446162,154,41,0.45936395759717313,0.8586572438162544,0.12888160589922162,0.029414174518639903,0.7968865219172471,0.030561245391233102,0.00426054895534617,0,0.009995903318312167,0.14600573535436295,0.853994264645637
Warren township,Somerset,15998,0.3447184711065505,817.6548974260772,155,232,0.4558303886925795,0.18374558303886926,0.18108513564195525,0.007938492311538942,0.7886610826353294,0,0.001375171896487061,0,0.020940117514689337,0.05669458682335292,0.9433054131766471
Phillipsburg town,Warren,14540,0.34269970994969057,4557.132322398844,156,93,0.45229681978798586,0.6749116607773852,0.013755158184319119,0.11196698762035763,0.8013067400275103,0.03535075653370014,0.0026134800550206326,0,0.03500687757909216,0.13328748280605227,0.8667125171939477
Ridgewood village,Bergen,25554,0.341358194742305,4450.708653329534,157,97,0.44876325088339225,0.6607773851590106,0.14753071926117242,0.01663144713156453,0.7971746106284731,0.00383501604445488,0.0012522501369648588,4.6959380136182204e-4,0.03310636299600845,0.07763950849182125,0.9223604915081788
Mahwah township,Bergen,26581,0.3394380822494064,1046.9169520549656,158,221,0.4452296819787986,0.2226148409893993,0.1319363455099507,0.03284300816372597,0.8009480455964787,0.02080433392272676,0.0015424551371280239,8.652797110718182e-4,0.011060531958918023,0.08754373424626613,0.9124562657537338
Ocean township,Monmouth,27006,0.3368721800908808,2485.12552610105,159,159,0.4416961130742049,0.4416961130742049,0.06006072724579723,0.08027845663926535,0.8072650522106198,0.015292897874546397,0.003110419906687403,0,0.03399244612308376,0.11701103458490705,0.882988965415093
Gloucester City city,Camden,11333,0.335982367184244,4907.528034061088,160,87,0.4381625441696113,0.696113074204947,0.05761934174534545,0.035030442071825645,0.8062295949880879,0.0972381540633548,0.001058854672196241,0,0.002823612459189976,0.14382775963998942,0.8561722403600106
Mount Olive township,Morris,29010,0.3318325302606371,979.7146623910076,161,223,0.43462897526501765,0.21554770318021202,0.08507411237504309,0.06494312306101345,0.8099620820406757,0.013512581868321268,0.004894863840055153,0,0.021613236814891416,0.12785246466735609,0.8721475353326439
Boonton town,Morris,8390,0.3307077924937599,3595.8257760390156,162,124,0.43109540636042404,0.5653710247349824,0.08474374255065555,0.030154946364719905,0.8114421930870084,0.03182359952324196,0,0,0.04183551847437426,0.1432657926102503,0.8567342073897497
North Arlington borough,Bergen,15877,0.33025903544755575,6390.895773762787,163,62,0.4275618374558304,0.784452296819788,0.08093468539396612,0.02834288593563016,0.8115513006235435,0.05744158216287712,0,0,0.02172954588398312,0.2765005983498142,0.7234994016501858
Summit city,Union,22155,0.3298023766307434,3696.190845044225,164,118,0.42402826855123676,0.5865724381625441,0.07718348002708192,0.0352516361995035,0.8120063191153238,0.05763935906116001,0,0,0.017919205596930714,0.15599187542315504,0.8440081245768449
South River borough,Middlesex,16345,0.320414719285639,5868.954759451824,165,71,0.4204946996466431,0.7526501766784452,0.04037932089323952,0.06319975527684307,0.8193943101866014,0.03640256959314775,0.0010400734169470787,0.004894463138574488,0.03468950749464668,0.24190884062404405,0.758091159375956
Randolph township,Morris,25918,0.3147769770261033,1239.8621821171346,166,210,0.4169611307420495,0.26148409893992935,0.10591094991897523,0.02843583609846439,0.8198549270777066,0.017555366926460376,0,0.0013118296164827533,0.02693109036191064,0.10031638243691643,0.8996836175630836
Collingswood borough,Camden,13969,0.3146205422465762,7633.291041146888,167,48,0.4134275618374558,0.833922261484099,0.02147612570692247,0.12019471687307609,0.8183119765194359,0.02426802204882239,0,0,0.015749158851743144,0.08268308397165151,0.9173169160283485
Matawan borough,Monmouth,8898,0.31434184209331073,3926.9792684282324,168,113,0.4098939929328622,0.6042402826855123,0.07529781973477186,0.0814789840413576,0.8202966958867162,0.0014610024724657227,0,0,0.021465497864688696,0.1029444819060463,0.8970555180939537
Delran township,Burlington,16747,0.3131302321948354,2525.6644293446634,169,158,0.40636042402826855,0.4452296819787986,0.049799964172687644,0.09595748492267271,0.821400847913059,0.013256105571147071,0,0.0022093509285245117,0.017376246491908998,0.022511494596047052,0.9774885054039529
Fair Lawn borough,Bergen,33447,0.31025750312342615,6513.513654197817,170,59,0.4028268551236749,0.7950530035335689,0.13253804526564417,0.016384130116303405,0.8194157921487727,0.014679941399826592,7.773492390946871e-4,4.185726672048315e-4,0.015786169163153646,0.13684336412832243,0.8631566358716776
Ventnor City city,Atlantic,10429,0.3051217635431549,5341.369969344677,171,78,0.3992932862190813,0.7279151943462897,0.09818774570908045,0.03519033464378176,0.8265413750119858,0.016492472912072106,0,0,0.023588071723079872,0.23022341547607633,0.7697765845239237
New Providence borough,Union,12716,0.3032639091806574,3447.6781407712533,172,127,0.3957597173144876,0.5547703180212014,0.1285781692356087,0.009436929852154765,0.8241585404215162,0.00542623466498899,0.001966027052532243,0.0014155394778232148,0.029018559295375904,0.07769738911607424,0.9223026108839257
Hammonton town,Atlantic,14557,0.30295243440414077,357.102253225565,173,266,0.392226148409894,0.0636042402826855,0.01387648553960294,0.028920794119667515,0.8283300130521398,0.09363192965583568,5.495637837466511e-4,0.001236518513429965,0.033454695335577385,0.20642989626983582,0.7935701037301642
Hoboken city,Hudson,54117,0.3018174947041268,43286.623841128516,174,4,0.38869257950530034,0.9893992932862191,0.0929282850121034,0.027181846739471886,0.8290740432766044,0.01640889184544598,1.1087089084760796e-4,1.847848180793466e-5,0.034277583753718796,0.16218563482824253,0.8378143651717574
East Greenwich township,Gloucester,10320,0.30106016390240964,714.4977401400324,175,239,0.38515901060070673,0.15901060070671377,0.05251937984496124,0.08701550387596899,0.8294573643410853,0.004941860465116279,0,0.001937984496124031,0.024127906976744187,0.031104651162790698,0.9688953488372093
Freehold township,Monmouth,35429,0.2979306283907319,916.5928397016964,176,228,0.38162544169611307,0.1978798586572438,0.07330153264275029,0.05568884247367975,0.8324254142086991,0.014451438087442491,0.001947557086002992,9.87891275508764e-4,0.021197324225916622,0.08896666572581784,0.9110333342741822
Middle township,Cape May,18623,0.29335824228636154,264.9062370843154,177,277,0.37809187279151946,0.024734982332155476,0.013424260323256188,0.11829458196853353,0.8317134725876604,0.011437469795414273,8.591526606883961e-4,0,0.024271062664447188,0.059872201041722604,0.9401277989582774
Moorestown township,Burlington,20568,0.29260846301861054,1396.936098364301,178,202,0.3745583038869258,0.28975265017667845,0.07224815246985608,0.06310774017891871,0.8352294826915597,0.005396732788798133,5.348113574484637e-4,0,0.023483080513418905,0.021197977440684558,0.9788020225593155
Franklin township,Gloucester,16579,0.28921548662085383,296.954963232252,179,275,0.3710247349823322,0.03180212014134275,0.024549128415465346,0.06755534109415526,0.8385306713312021,0.040955425538331626,0,0,0.028409433620845647,0.0687616864708366,0.9312383135291634
Garfield city,Bergen,31808,0.2890441772712482,15067.479892018675,180,14,0.3674911660777385,0.9540636042402827,0.02357897384305835,0.0460261569416499,0.8388141348088531,0.06262575452716297,0.0014776156941649899,1.2575452716297788e-4,0.027351609657947685,0.35836896378269617,0.6416310362173038
Hopewell township,Mercer,18503,0.2862238906417057,318.6580275089433,181,272,0.36395759717314485,0.04240282685512368,0.06631357077230719,0.05528833162189915,0.8399178511592714,0.011511646759984867,0,0,0.02696859968653732,0.053775063503215696,0.9462249364967843
Florham Park borough,Morris,11792,0.28491651827055675,1613.6923231491319,182,188,0.36042402826855124,0.3392226148409894,0.10846336499321574,0.042740841248303935,0.837516960651289,0.0020352781546811396,0.002289687924016282,0,0.006953867028493894,0.06648575305291723,0.9335142469470827
Hanover township,Morris,14436,0.283062384600673,1372.902277111209,183,205,0.3568904593639576,0.2791519434628975,0.13778054862842892,0.013022998060404543,0.8352729287891383,0.005126073704627321,0,0,0.008797450817400942,0.08700471044610696,0.9129952895538931
Totowa borough,Passaic,10829,0.27790153261983896,2707.1050707309923,184,149,0.35335689045936397,0.47703180212014135,0.06362545018007203,0.03481392557022809,0.8455997783728876,0.03878474466709761,0,0,0.017176101209714655,0.1640964077938868,0.8359035922061132
Bound Brook borough,Somerset,10510,0.2758468623512019,6326.421350160891,185,65,0.3498233215547703,0.773851590106007,0.021503330161750715,0.04243577545195052,0.8467174119885823,0.06860133206470029,0.005994291151284491,0,0.014747859181731684,0.521883920076118,0.478116079923882
Hackettstown town,Warren,9569,0.27520253995377153,2649.3534791827565,186,153,0.3462897526501767,0.4628975265017668,0.03615842825791619,0.032291775525133244,0.8465879402236388,0.0753474762253109,8.360330233044205e-4,0.0012540495349566308,0.007524297209739785,0.2081722228028007,0.7918277771971993
East Hanover township,Morris,11241,0.27392451576538634,1427.4692614806547,187,198,0.34275618374558303,0.303886925795053,0.13041544346588382,0.008184325237968153,0.841829018770572,8.896005693443643e-4,7.116804554754915e-4,0,0.01796993150075616,0.14447113246152476,0.8555288675384752
Cedar Grove township,Essex,12638,0.27371532476740856,2982.9097213382565,188,141,0.3392226148409894,0.5053003533568905,0.07153030542807406,0.06923563855040354,0.8463364456401329,9.495173286912486e-4,0.001661655325209685,0.0011077702168064568,0.00917866751068207,0.054834625731919606,0.9451653742680803
Madison borough,Morris,16080,0.2706892542882601,3727.950745115135,189,117,0.33568904593639576,0.5901060070671378,0.06728855721393034,0.04116915422885572,0.8497512437810946,0.012064676616915423,3.109452736318408e-4,0,0.02941542288557214,0.09639303482587065,0.9036069651741293
Glen Rock borough,Bergen,11962,0.2701743393453957,4424.706772250131,190,98,0.3321554770318021,0.657243816254417,0.11026584183246949,0.008527002173549573,0.8465975589366327,0.0010867747868249457,0.002675137936799866,0.0015883631499749205,0.02925932118374854,0.07047316502257148,0.9295268349774285
Westfield town,Union,30591,0.26641027938255724,4549.465162004533,191,94,0.3286219081272085,0.6713780918727915,0.06282893661534439,0.03478147167467556,0.8527344643849498,0.030237651596874898,3.9227223693243113e-4,0,0.019025203491222907,0.07597005655258082,0.9240299434474192
Rockaway township,Morris,24758,0.26430914830973784,593.6525619803202,192,249,0.3250883392226148,0.12367491166077739,0.06434283867840698,0.039704337991760236,0.8538654172388723,0.01773164229743921,4.039098473220777e-4,0,0.023951853946199208,0.11951692382260279,0.8804830761773972
Franklin Lakes borough,Bergen,10953,0.2633737742971558,1163.4391440863446,193,214,0.3215547703180212,0.24734982332155478,0.08490824431662558,0.017803341550260202,0.8533735049758057,0.022368300922121793,4.5649593718615904e-4,0.0024650780608052587,0.01862503423719529,0.07623482151008856,0.9237651784899115
Berkeley Heights township,Union,13576,0.26205783091864765,2182.8174226395236,194,173,0.31802120141342755,0.392226148409894,0.12323217442545668,0.016573364761343547,0.8499558043606364,0.0024307601649970535,7.365939893930466e-4,0,0.007071302298173247,0.055465527401296406,0.9445344725987036
Little Falls township,Passaic,14524,0.2607365667788796,5193.100919075827,195,82,0.31448763250883394,0.7137809187279152,0.06747452492426328,0.03470118424676398,0.8558936931974662,0.013357201872762325,3.442577802258331e-4,4.131093362709997e-4,0.027816028642247314,0.11112641145689893,0.8888735885431011
West Deptford township,Gloucester,21348,0.26036756928178484,1390.194624452382,196,203,0.31095406360424027,0.2862190812720848,0.02004871650740116,0.0882049840734495,0.8548810192992318,0.020985572418961963,0.0013115982761851227,9.36855911560802e-4,0.013631253513209669,0.0394884766722878,0.9605115233277122
Evesham township,Burlington,45489,0.25874782430317145,1560.3721904981026,197,191,0.30742049469964666,0.3286219081272085,0.0608278924575172,0.04972630745894612,0.8570643452263185,0.012442568533051947,2.8578337620083975e-4,5.495834157708457e-4,0.019103519532194597,0.04702235705335356,0.9529776429466464
Morris township,Morris,22498,0.2568266891352403,1434.6510353607448,198,196,0.303886925795053,0.31095406360424027,0.05084896435238688,0.043337185527602455,0.8588318961685483,0.018846119655080453,5.333807449551071e-4,0,0.027602453551426792,0.07342874922215308,0.926571250777847
Lyndhurst township,Bergen,21937,0.25631925962092517,4785.622099843116,199,92,0.3003533568904594,0.6784452296819788,0.07995623831882208,0.011806536901125951,0.8577745361717646,0.03309477139080093,7.749464375256416e-4,0,0.016592970779960796,0.227059306195013,0.772940693804987
Chatham township,Morris,10507,0.25338175479672476,1168.0122807396008,200,213,0.2968197879858657,0.2508833922261484,0.10288379175787571,0.01970115161321024,0.8575235557247549,0.002855239364233368,0,0,0.017036261539925764,0.0313124583610926,0.9686875416389074
Branchburg township,Somerset,14683,0.25182661003194806,731.4842903353234,201,237,0.29328621908127206,0.16607773851590105,0.08288496901178233,0.04787849894435742,0.8596335898658313,0.0034052986446911396,8.172716747258734e-4,0,0.005380371858612,0.03303139685350405,0.9669686031464959
Lopatcong township,Warren,8300,0.24836420380316437,1134.491461136753,202,216,0.28975265017667845,0.24028268551236748,0.047469879518072286,0.061204819277108434,0.8632530120481928,0.018313253012048194,0,0,0.009759036144578313,0.0653012048192771,0.9346987951807229
Hillsdale borough,Bergen,10520,0.24015922956815927,3625.5325824738043,203,122,0.2862190812720848,0.5724381625441696,0.08431558935361216,0.01634980988593156,0.8670152091254753,0.026806083650190115,0,0,0.005513307984790874,0.08897338403041825,0.9110266159695818
Irvington township,Essex,54715,0.2395345908181855,18775.338329861235,204,7,0.2826855123674912,0.9787985865724381,0.014913643425020561,0.8684821346979804,0.06418715160376497,0.042036004751896186,3.655304761034451e-4,2.924243808827561e-4,0.00972311066435164,0.09618934478662158,0.9038106552133784
Howell township,Monmouth,52076,0.23801234897720291,859.9042504785818,205,230,0.2791519434628975,0.19081272084805653,0.05202012443352024,0.0386550426300023,0.8701129118979952,0.01478608188032875,0.0013249865581073815,0.0014594054842921884,0.021641447115753897,0.0960711268146555,0.9039288731853445
Washington township,Gloucester,48119,0.23686651245444346,2254.5955727989317,206,168,0.2756183745583039,0.4098939929328622,0.04436916810407531,0.055487437394792075,0.8703630582514184,0.006670961574430059,5.403271057170764e-4,0,0.022569047569567114,0.039152933352729694,0.9608470666472703
Wanaque borough,Passaic,11782,0.23639729227978856,1462.2206611712309,207,195,0.27208480565371024,0.31448763250883394,0.04354099473773553,0.03989135970123918,0.8709896452215243,0.00772364624002716,0,0,0.037854354099473776,0.0970123917840774,0.9029876082159226
Roxbury township,Morris,23458,0.23582602912517459,1125.3102387659762,208,217,0.26855123674911663,0.23674911660777384,0.051027368062068375,0.04599710120214852,0.8711740131298491,0.018288004092420495,2.557762810128741e-4,0,0.013257737232500639,0.1018842186034615,0.8981157813965385
Waldwick borough,Bergen,9985,0.23573962847124963,4879.635629150188,209,89,0.26501766784452296,0.6890459363957597,0.08202303455182774,0.018928392588883326,0.8699048572859289,0.011817726589884827,0,0,0.01732598898347521,0.09954932398597897,0.9004506760140211
Waterford township,Camden,10749,0.23563346140648367,298.5652101489045,210,274,0.26148409893992935,0.0353356890459364,0.0034421806679691136,0.04037584891617825,0.8712438366359662,0.03739882779793469,0,0,0.04753930598195181,0.05898223090520048,0.9410177690947995
Wayne township,Passaic,55154,0.23462262624831387,2324.066382974076,211,164,0.2579505300353357,0.42402826855123676,0.08204300685353737,0.01787721652101389,0.870580556260652,0.014015302607245168,5.983246908655763e-4,7.252420495340319e-5,0.014813068861732604,0.12064401493998622,0.8793559850600138
East Orange city,Essex,65151,0.23362745281931485,16588.133187467385,212,13,0.254416961130742,0.9575971731448764,0.01246335436140658,0.8721738730027168,0.03481143804392872,0.06434283433869012,0.0032693281760832527,0,0.012939172077174564,0.09198630872895273,0.9080136912710473
Denville township,Morris,16822,0.23187588971934814,1404.8206117701575,213,200,0.2508833922261484,0.2968197879858657,0.08274878135774581,0.021638330757341576,0.8720722862917608,0.008500772797527048,0,0,0.015039828795624778,0.06604446558078707,0.933955534419213
Jackson township,Ocean,56501,0.2265992983170776,569.7334152510182,214,253,0.24734982332155478,0.10954063604240283,0.03472504911417497,0.05451230951664572,0.8767278455248579,0.015751933594095678,3.008796304490186e-4,0,0.01798198261977664,0.09513105962726323,0.9048689403727368
Pompton Lakes borough,Passaic,11205,0.2263661617564512,3887.7768535548544,215,114,0.24381625441696114,0.6007067137809188,0.055510932619366356,0.01320838911200357,0.8768406961178046,0.022400713966979027,0,0,0.032039268183846496,0.16938866577420794,0.830611334225792
Saddle Brook township,Bergen,14076,0.22223470873537476,5228.883127156716,216,81,0.24028268551236748,0.7173144876325088,0.08922989485649332,0.013071895424836602,0.8771668087524865,0.010443307757885763,0,0,0.010088093208297812,0.14727195225916453,0.8527280477408354
South Amboy city,Middlesex,8811,0.2183635124226495,5729.869782850555,217,75,0.23674911660777384,0.7385159010600707,0.03722619452956532,0.05947111565089093,0.8811712631937351,0.00930654863239133,0,0,0.012824877993417319,0.13744183407104754,0.8625581659289524
Toms River township,Ocean,91415,0.21790651850108256,2252.7813012920433,218,169,0.2332155477031802,0.40636042402826855,0.041918722310342944,0.032007876169118855,0.8822622107969151,0.022173603894328063,7.87616911885358e-4,4.375649510474211e-5,0.020806213422304872,0.08348739265984795,0.916512607340152
Barnegat township,Ocean,22141,0.21647052318938342,651.0335505590662,219,245,0.22968197879858657,0.13780918727915195,0.004968158619755205,0.07154148412447496,0.8818029899281875,0.023260015356126644,0.0021679237613477257,0,0.016259428210107944,0.08676211553227045,0.9132378844677296
Chatham borough,Morris,9003,0.215346781921669,3835.8144536693267,220,116,0.22614840989399293,0.5936395759717314,0.0846384538487171,0.01577252027102077,0.8814839497945129,0.003443296678884816,0,0,0.014661779406864379,0.09807841830500943,0.9019215816949906
Manalapan township,Monmouth,40096,0.21321152284198697,1308.1549634644193,221,208,0.2226148409893993,0.26855123674911663,0.08105546687948922,0.012095969672785315,0.8830806065442937,0.00950219473264166,0.002194732641660016,0,0.012071029529130087,0.05900837988826815,0.9409916201117319
Lincoln Park borough,Morris,10464,0.20627624039666514,1635.576494355889,222,187,0.21908127208480566,0.34275618374558303,0.0529434250764526,0.023413608562691132,0.8886659021406728,0.013379204892966361,0,0,0.021597859327217125,0.11573012232415902,0.884269877675841
Wallington borough,Bergen,11701,0.20508661529779693,11770.836850576277,223,20,0.21554770318021202,0.9328621908127208,0.05743098880437569,0.036834458593282625,0.8888983847534399,0.007007948038629177,0.0017092556191778481,0,0.008118964191094778,0.14494487650628152,0.8550551234937185
Bedminster township,Somerset,8244,0.20458508809782927,315.61382592539184,224,273,0.21201413427561838,0.038869257950530034,0.07035419699175158,0.013585638039786511,0.888767588549248,0.013221737020863659,0,0,0.014070839398350316,0.07083939835031539,0.9291606016496846
Verona township,Essex,13585,0.20179977781357017,4861.868283124257,225,90,0.20848056537102475,0.6855123674911661,0.06359955833640044,0.01980125138019875,0.8906882591093117,0.005815237394184763,0,0,0.020095693779904306,0.05513433934486566,0.9448656606551343
Manville borough,Somerset,10436,0.20138540691397422,4420.37644856165,226,99,0.2049469964664311,0.6537102473498233,0.015619011115369874,0.04609045611345343,0.8915293215791491,0.036508240705251056,0,8.623993867382138e-4,0.009390571100038329,0.23390187811422,0.76609812188578
Ringwood borough,Passaic,12451,0.19987563359847593,486.7151587172787,227,258,0.20141342756183744,0.09187279151943463,0.04079993574813268,0.013492892137177737,0.8929403260782266,0.019516504698417796,0.01750863384467111,0,0.015741707493374026,0.06674162717853988,0.9332583728214601
Cranford township,Union,23972,0.1989984686233165,4957.976676347342,228,84,0.1978798586572438,0.7067137809187279,0.031077924244952444,0.028074420156849657,0.8932504588686802,0.03424828967128316,0,0,0.013348907058234607,0.09969964959118972,0.9003003504088103
Ramsey borough,Bergen,15121,0.1972249154967073,2747.86286863055,229,148,0.19434628975265017,0.48056537102473496,0.10184511606375239,0.0012565306527346075,0.8901527676740957,0.0015871966139805569,0,0,0.00515838899543681,0.05588254745056544,0.9441174525494346
River Vale township,Bergen,10055,0.19575671449988763,2471.1778875350933,230,160,0.19081272084805653,0.4381625441696113,0.07896568871208354,0.0015912481352560915,0.8930880159124813,0.0044753853804077575,0.0025857782197911488,0,0.01929388363998011,0.04455494778717056,0.9554450522128295
Millstone township,Monmouth,10522,0.19569128265607338,287.5631993827254,231,276,0.1872791519434629,0.028268551236749116,0.03811062535639612,0.019102832161186085,0.8952670594943927,0.018627637331305836,0.001615662421592853,0.002090857251473104,0.0251853259836533,0.06643223721725908,0.9335677627827409
Raritan township,Hunterdon,22103,0.18838403919032576,589.704187747036,232,250,0.18374558303886926,0.12014134275618374,0.05754874903859205,0.02501922815907343,0.8985658055467584,0.003121748178980229,0,0,0.01574446907659594,0.05347690358774827,0.9465230964122517
Northfield city,Atlantic,8480,0.18687246907262367,2367.0978941547255,233,163,0.18021201413427562,0.4275618374558304,0.05306603773584906,0.014386792452830189,0.8997641509433962,0.017452830188679245,3.5377358490566035e-4,0,0.014976415094339623,0.12476415094339623,0.8752358490566038
Manchester township,Ocean,43418,0.1862235299222884,533.2836931676967,234,256,0.17667844522968199,0.0989399293286219,0.021834262287530517,0.03869362937030724,0.9005481597494127,0.012897876456769082,0,5.527661338615321e-4,0.025473306002118938,0.054608687641070526,0.9453913123589295
Pittsgrove township,Salem,9009,0.18214254511290806,200.65204174130028,235,281,0.17314487632508835,0.01060070671378092,0.008436008436008436,0.059940059940059943,0.9020979020979021,0.01332001332001332,8.88000888000888e-4,0,0.015318015318015318,0.04284604284604285,0.9571539571539571
Jefferson township,Morris,21440,0.1778967032259412,552.0683137491744,236,255,0.1696113074204947,0.10247349823321555,0.055363805970149255,0.018796641791044778,0.9046641791044776,0.0049440298507462685,6.529850746268657e-4,0,0.015578358208955223,0.08661380597014925,0.9133861940298508
Hawthorne borough,Passaic,19065,0.17601909461393028,5745.302571705384,237,74,0.16607773851590105,0.7420494699646644,0.007920272751114609,0.026803042223970626,0.9062155782848151,0.04023078940466824,0,0,0.018830317335431418,0.2058221872541306,0.7941778127458694
Cinnaminson township,Burlington,16528,0.1758133503273861,2226.380665134522,238,171,0.1625441696113074,0.3992932862190813,0.01796950629235237,0.04743465634075508,0.9062197483059051,0.013734269119070669,1.2100677637947725e-4,7.260406582768635e-4,0.013794772507260406,0.05947483059051307,0.9405251694094869
Ocean City city,Cape May,11328,0.1733238996816049,1687.2049553953054,239,186,0.15901060070671377,0.3462897526501767,0.018273305084745763,0.026129943502824857,0.9080155367231638,0.029396186440677968,7.944915254237289e-4,0,0.017390536723163843,0.0813912429378531,0.9186087570621468
West Caldwell township,Essex,10932,0.16831371098373626,2144.9590922316693,240,175,0.15547703180212014,0.38515901060070673,0.07016099524332235,0.011983168679107209,0.9091657519209659,0.004299304793267472,0,0,0.0043907793633369925,0.05314672521039151,0.9468532747896085
Oakland borough,Bergen,13145,0.16820143291585898,1546.0422064590553,241,192,0.1519434628975265,0.3250883392226148,0.05576264739444656,0.022518067706352226,0.9100038037276531,0.001217192848992012,0.002206162038798022,0,0.008292126283758083,0.0696842906047927,0.9303157093952074
Park Ridge borough,Bergen,8905,0.167017892086315,3415.6957302232654,242,129,0.14840989399293286,0.5477031802120141,0.020437956204379562,0.019202695115103873,0.9116226838854576,0.02223469960696238,0.0011229646266142617,0,0.025379000561482314,0.17495788882650196,0.825042111173498
Lakewood township,Ocean,99467,0.16637627128504529,4030.182932156325,243,107,0.14487632508833923,0.6254416961130742,0.010093799953753506,0.0328048498496989,0.9115686609629324,0.037831642655353034,1.508037841696241e-4,0,0.0075502427940925135,0.16001286858958247,0.8399871314104175
Spotswood borough,Middlesex,8443,0.16429191812064958,3659.193547302913,244,119,0.1413427561837456,0.5830388692579506,0.028307473646808006,0.033874215326305815,0.9129456354376406,0.008409333175411584,0.0017766196849461093,0,0.014686722728887837,0.1079000355323937,0.8920999644676063
Brick township,Ocean,75118,0.1623333683644671,2931.487210378353,245,143,0.13780918727915195,0.49823321554770317,0.018916904070928407,0.02240474986021992,0.914228280838148,0.027649830932665938,2.6624777017492476e-4,0.0014776751244708326,0.015056311403391996,0.09760643254612743,0.9023935674538726
North Haledon borough,Passaic,8564,0.16198702584120295,2459.167635566224,246,161,0.13427561837455831,0.43462897526501765,0.04168612797758057,0,0.9139420831387203,0.0227697337692667,0,0,0.021602055114432507,0.07741709481550678,0.9225829051844933
Hopatcong borough,Sussex,14507,0.1606379672836198,1332.8383023223903,247,207,0.13074204946996468,0.27208480565371024,0.03798166402426415,0.019990349486454815,0.9149376163231543,0.018129179017026265,0,0,0.008961191149100434,0.10519059764251741,0.8948094023574826
Pitman borough,Gloucester,8886,0.15970740794607008,4007.5249634483516,248,108,0.127208480565371,0.6219081272084805,0.02284492460049516,0.02048165653837497,0.9153724960612198,0.0021381949133468378,0.0012379023182534324,0,0.0379248255683097,0.027909070447895565,0.9720909295521044
Hazlet township,Monmouth,20082,0.15668442881844025,3605.911755757872,249,123,0.12367491166077739,0.568904593639576,0.04441788666467483,0.023005676725425753,0.9168907479334728,0.006921621352454934,0,0,0.008764067323971716,0.07907578926401752,0.9209242107359825
Medford township,Burlington,23353,0.15486803569989516,601.9050571544011,250,247,0.12014134275618374,0.13074204946996468,0.024536462124780542,0.021538988566779427,0.9183830771207125,0.013402988909347836,4.282105082858733e-5,6.851368132573973e-4,0.021410525414293665,0.034128377510384104,0.9658716224896159
Sparta township,Sussex,19053,0.1547581946818336,517.9336022730549,251,257,0.1166077738515901,0.09540636042402827,0.03049388547735265,0.025455308875242742,0.9183330709074686,0.009972182858342518,6.29822075263738e-4,0,0.015115729806329713,0.06607883272975384,0.9339211672702462
Washington township,Bergen,9368,0.1495259586024631,3171.9824822506735,252,138,0.11307420494699646,0.5159010600706714,0.06372758326216908,0.0024551665243381727,0.9199402220324508,0.010140905209222886,0,0,0.0037361229718189583,0.10578565328778822,0.8942143467122118
Kinnelon borough,Morris,10242,0.14885650865535205,568.6434287261567,253,254,0.10954063604240283,0.10600706713780919,0.05555555555555555,0.0036125756688146844,0.9207186096465534,0.0023432923257176333,0,0,0.017769966803358718,0.12321812146065221,0.8767818785393477
Brigantine city,Atlantic,9164,0.1436721435347279,1401.8265511488694,254,201,0.10600706713780919,0.29328621908127206,0.028481012658227847,0.020405936272370143,0.9243780008729813,8.729812309035355e-4,4.3649061545176777e-4,4.3649061545176777e-4,0.024989087734613707,0.07409428197293758,0.9259057180270625
Pennsville township,Salem,12742,0.14146326152527433,599.1646760086619,255,248,0.10247349823321555,0.127208480565371,0.014361952597708366,0.024956835661591587,0.9257573379375295,0.008083503374666458,0.0021189766127766444,0,0.024721393815727515,0.028723905195416732,0.9712760948045833
Wyckoff township,Bergen,17231,0.14126241888627333,2614.4231931561203,256,154,0.0989399293286219,0.45936395759717313,0.051999303580755614,0.005919563577273519,0.9250768962915675,0.0019151529220590795,0,0,0.015089083628344263,0.03395043816377459,0.9660495618362254
Long Hill township,Morris,8763,0.1377557067233437,743.760976081409,257,236,0.09540636042402827,0.1696113074204947,0.04838525619080224,0.00775989957777017,0.927193883373274,0.003423485107839781,0,0.0013693940431359123,0.011868081707177907,0.04279356384799726,0.9572064361520027
West Milford township,Passaic,26759,0.13216678485468825,352.4725328354821,258,267,0.09187279151943463,0.06007067137809187,0.01591987742441795,0.012182816996150828,0.9310512350984715,0.016891513135767405,0.006913561792294181,0.0015695653798721925,0.015471430173025897,0.09054897417691245,0.9094510258230876
Middletown township,Monmouth,65952,0.1304929878133474,1610.4018346756768,259,189,0.08833922261484099,0.33568904593639576,0.033418243571082,0.01078056768558952,0.9316624211547793,0.010537967006307618,6.519893255701116e-4,0,0.012948811256671518,0.05766314895681708,0.9423368510431829
Vernon township,Sussex,22572,0.12934605089417295,333.88050446530843,260,270,0.08480565371024736,0.04946996466431095,0.005980861244019139,0.02480949849370902,0.9323498139287613,0.01240474924685451,5.31632110579479e-4,0,0.023923444976076555,0.09657983342193868,0.9034201665780613
Readington township,Hunterdon,15962,0.12812487827993824,335.6435050253405,261,269,0.0812720848056537,0.053003533568904596,0.04134820197970179,0.0073299085327653175,0.9327151985966671,0.008896128304723718,0.0011276782358100488,0,0.008582884350332038,0.04303971933341687,0.9569602806665831
Stafford township,Ocean,27012,0.12657812777222655,586.1014292266467,262,251,0.07773851590106007,0.1166077738515901,0.013290389456537835,0.02539612024285503,0.9339182585517548,0.010402783947875019,0,0,0.016992447800977344,0.06660002961646676,0.9333999703835333
Southampton township,Burlington,10274,0.12611810350077346,234.0944072576368,263,279,0.07420494699646643,0.0176678445229682,0.005061319836480436,0.026863928362857697,0.9341055090519759,0.015475958730776718,0,0,0.018493284017909284,0.04350788397897606,0.9564921160210239
Washington township,Morris,18713,0.12286923336051836,419.7610635398929,264,262,0.0706713780918728,0.07773851590106007,0.03799497675412815,0.01448191097098274,0.935606263025704,7.481430021909902e-4,3.206327152247101e-4,0,0.010848073531769357,0.03890343611393149,0.9610965638860685
Mantua township,Gloucester,15110,0.12217388390716033,944.2243990941304,265,226,0.06713780918727916,0.2049469964664311,0.025678358702845797,0.026803441429516878,0.9361350099272006,0.0015221707478491066,0,0,0.009861019192587691,0.03229649238914626,0.9677035076108538
Haddon township,Camden,14612,0.12194212759815748,5427.5368145065795,266,77,0.0636042402826855,0.7314487632508834,0.02053107035313441,0.023679167807281687,0.9364221188064604,0.010607719682452778,0,0,0.008759923350670681,0.04065151929920613,0.9593484807007938
Harrison township,Gloucester,12884,0.11818665461957423,680.5704471417288,267,243,0.06007067137809187,0.14487632508833923,0.014591741695125737,0.026466935734244024,0.9384507916796027,0.01001241850357032,0,0,0.010478112387457312,0.02887302080099348,0.9711269791990065
Little Egg Harbor township,Ocean,20695,0.11160887826455423,437.1526119663413,268,261,0.05653710247349823,0.0812720848056537,0.016670693404203914,0.00951920753805267,0.9420149794636385,0.006619956511234598,3.865668035757429e-4,5.798502053636144e-4,0.024208746073930903,0.05349118144479343,0.9465088185552065
Haddonfield borough,Camden,11428,0.11059363127414346,4086.8714830712515,269,104,0.053003533568904596,0.6360424028268551,0.02065103255162758,0.011025551277563878,0.942509625481274,0.002887644382219111,0,0,0.022926146307315366,0.03806440322016101,0.961935596779839
Clark township,Union,15607,0.11056267954148924,3652.3010359229447,270,120,0.04946996466431095,0.5795053003533569,0.027551739604023837,0.013391426923816237,0.9425257897097457,0.006343307490228743,0,0,0.010187736272185558,0.13654129557249953,0.8634587044275005
Lower township,Cape May,22051,0.1103996447267711,796.7215410443637,271,233,0.045936395759717315,0.18021201413427562,0.006167520747358397,0.020633984853294634,0.9426783365833749,0.010747811890617206,0,3.1744592081991746e-4,0.019454900004534943,0.06743458346560247,0.9325654165343975
Colts Neck township,Monmouth,10018,0.10912469752489051,326.1673621128485,272,271,0.04240282685512368,0.045936395759717315,0.02305849470952286,0.01736873627470553,0.9433020562986624,0.0013974845278498702,0,0,0.014873228189259333,0.03563585546017169,0.9643641445398283
Plumsted township,Ocean,8509,0.10657126593825472,217.41722974245423,273,280,0.038869257950530034,0.014134275618374558,0.00822658361734634,0.03737219414737337,0.9444117992713598,0.00564108590903749,0,0,0.004348337054883065,0.08814196732871078,0.9118580326712892
Audubon borough,Camden,8736,0.10502830169296518,5894.125435167359,274,70,0.0353356890459364,0.7561837455830389,0.0016025641025641025,0.03869047619047619,0.9451694139194139,0.004006410256410256,0,0,0.010531135531135532,0.02152014652014652,0.9784798534798534
Pequannock township,Morris,15499,0.1029538541790872,2283.9019626617987,275,165,0.03180212014134275,0.4204946996466431,0.014258984450609717,0.001483966707529518,0.9467062391122008,0.01800116136524937,0.003742176914639654,0,0.015807471449770953,0.08336021678817988,0.9166397832118202
Wall township,Monmouth,26020,0.10174518979960434,848.7185050992463,276,231,0.028268551236749116,0.1872791519434629,0.009953881629515757,0.03393543428132206,0.9470791698693313,0.0030361260568793234,0,0,0.005995388162951576,0.03212913143735588,0.9678708685626441
Beachwood borough,Ocean,11193,0.09882500732400401,4050.9557214462857,277,106,0.024734982332155476,0.6289752650176679,0.0032162958992227285,0.012775842044134728,0.9488966318234611,0.014830697757527026,8.93415527561869e-4,0,0.01938711694809256,0.07817385866166354,0.9218261413383365
Wantage township,Sussex,11062,0.09871858165614145,165.71006936816607,278,283,0.02120141342756184,0.0035335689045936395,0.011751943590670765,0.008226360513469535,0.9487434460314591,2.711986982462484e-4,0,0,0.031007051166154403,0.054962936177906346,0.9450370638220936
Berkeley township,Ocean,41676,0.08948880334191278,975.6270627979154,279,224,0.0176678445229682,0.21201413427561838,0.015644495632978213,0.014900662251655629,0.9539063249832037,0.006238602553028122,0.0011277473845858529,0,0.008182167194548421,0.05912275650254343,0.9408772434974566
Lacey township,Ocean,28444,0.06037855710325446,341.1659558175223,280,268,0.014134275618374558,0.05653710247349823,0.011847841372521446,0.008191534242722542,0.9692026437913093,0.006820419069047954,2.4609759527492617e-4,0,0.0036914639291238927,0.04739136549008578,0.9526086345099142
Upper township,Cape May,11990,0.047116049585385844,193.32202080441613,281,282,0.01060070671378092,0.007067137809187279,0.0027522935779816515,0.007339449541284404,0.9760633861551292,0.0032527105921601332,0,0,0.010592160133444536,0.022268557130942453,0.9777314428690576
Ocean township,Ocean,8838,0.04658659112625485,418.87192288929174,282,263,0.007067137809187279,0.07420494699646643,0.004525910839556461,0.004978501923512107,0.9763521158633175,0,0.005544240778456664,0,0.008599230595157275,0.024326770762615975,0.975673229237384
Point Pleasant borough,Ocean,18519,0.03206606276705937,5304.726844562514,283,79,0.0035335689045936395,0.7243816254416962,0.0016739564771315945,0.00388789891462822,0.9838004211890491,0.004373886278956747,4.859873643285275e-4,0,0.005777849775905826,0.0461148010151736,0.9538851989848264
