GEOID,municipality,county,population,sq_m,sq_mi,sq_km,density,density_rank
3401728650,Guttenberg town,Hudson,11733,505560,0.1951978072727189,0.50556,60108.25717733264,1
3401774630,Union City city,Hudson,69815,3322169,1.2826966219427987,3.3221689999999997,54428.30269113578,2
3401779610,West New York town,Hudson,53345,2575990,0.994595299383755,2.57599,53634.880471536744,3
3401732250,Hoboken city,Hudson,54117,3263378,1.2599972899399297,3.263378,42950.09237883363,4
3401719360,East Newark borough,Hudson,2725,265055,0.10233830763246797,0.265055,26627.370170966784,5
3400313570,Cliffside Park borough,Bergen,24861,2495479,0.9635098284973441,2.495479,25802.539076090525,6
3403156550,Passaic city,Passaic,71057,8150093,3.146768499621678,8.150093,22580.94296054599,7
3401334450,Irvington township,Essex,54715,7583441,2.9279829392792838,7.583441,18686.925823914797,8
3401777930,Weehawken township,Hudson,14268,2032310,0.7846792778273981,2.03231,18183.22517641209,9
3401736000,Jersey City city,Hudson,265932,38312316,14.792467906360283,38.312315999999996,17977.527596031345,10
3403157000,Paterson city,Passaic,147890,21828314,8.42795915274229,21.828314,17547.545890974037,11
3400322560,Fairview borough,Bergen,14422,2181997,0.8424737516331412,2.181997,17118.634226933307,12
3401319390,East Orange city,Essex,65151,10095049,3.897720209491759,10.095049,16715.155654668022,13
3400355770,Palisades Park borough,Bergen,20716,3238863,1.2505319955232617,3.238863,16565.7496762662,14
3400325770,Garfield city,Bergen,31808,5443871,2.101890343926623,5.443871,15133.044448255201,15
3400324420,Fort Lee borough,Bergen,37058,6567812,2.535846390100978,6.567812,14613.66119992952,16
3401313045,City of Orange township,Essex,30731,5750512,2.220285095924237,5.750512,13841.015307634456,17
3400782450,Woodlynne borough,Camden,2950,567099,0.2189581480072625,0.567099,13472.894372042978,18
3401730210,Harrison town,Hudson,15898,3116003,1.2030954843247368,3.116003,13214.246256541386,19
3400320020,Edgewater borough,Bergen,12165,2411527,0.9310957800833888,2.411527,13065.250922854042,20
3403161170,Prospect Park borough,Passaic,5955,1231691,0.47555855375730366,1.2316909999999999,12522.117314367712,21
3401752470,North Bergen township,Hudson,63438,13456230,5.195479448843615,13.45623,12210.230186574932,22
3400376490,Wallington borough,Bergen,11701,2547380,0.9835489166278556,2.54738,11896.713831089803,23
3401351000,Newark city,Essex,282803,62660655,24.1934141511835,62.660655,11689.255523539483,24
3401703580,Bayonne city,Hudson,66719,15056054,5.813174948531626,15.056054,11477.20489933867,25
3402775890,Victory Gardens borough,Morris,1655,377774,0.14585935684121393,0.377774,11346.546672365172,26
3402358200,Perth Amboy city,Middlesex,52563,12179770,4.702635487550525,12.17977,11177.349411654834,27
3403964650,Roselle Park borough,Union,13709,3190279,1.2317736082526356,3.190279,11129.480213046014,28
3402501960,Asbury Park city,Monmouth,15830,3688154,1.4240042204369556,3.688154,11116.540086617557,29
3402174000,Trenton city,Mercer,84867,19809454,7.648472948947288,19.809454,11095.94040097649,30
3400306490,Bogota borough,Bergen,8437,1981148,0.7649255191920494,1.981148,11029.832040263946,31
3400341100,Lodi borough,Bergen,24805,5865712,2.264764064588327,5.865711999999999,10952.575761797456,32
3401304695,Belleville township,Essex,36383,8651348,3.3403041371018714,8.651348,10892.121946586209,33
3402351210,New Brunswick city,Middlesex,56792,13656866,5.2729454415249375,13.656865999999999,10770.45090449025,34
3400328680,Hackensack city,Bergen,44673,10823912,4.1791357870734815,10.823912,10689.53062931777,35
3402567365,Shrewsbury township,Monmouth,1117,271673,0.10489353171770188,0.271673,10648.893041433312,36
3403921000,Elizabeth city,Union,129363,31904152,12.31826195366629,31.904152,10501.725039342715,37
3400305170,Bergenfield borough,Bergen,27694,7449333,2.8762035510014736,7.449332999999999,9628.664838535904,38
3402536480,Keansburg borough,Monmouth,9868,2768816,1.0690458342068607,2.7688159999999997,9230.661290889553,39
3401306260,Bloomfield township,Essex,48892,13742683,5.306079570464575,13.742683,9214.335999058389,40
3400318400,Dumont borough,Bergen,17882,5134838,1.9825720355657754,5.134837999999999,9019.59660441641,41
3401353680,Nutley township,Essex,28829,8765183,3.384256076319551,8.765183,8518.563415376102,42
3403959190,Plainfield city,Union,51097,15598582,6.022646180401342,15.598581999999999,8484.14442247626,43
3403981650,Winfield township,Union,1525,466013,0.17992862520884081,0.46601299999999996,8475.583016487522,44
3400710000,Camden city,Camden,75550,23106017,8.921283039018448,23.106016999999998,8468.512843900566,45
3403964620,Roselle borough,Union,21746,6866740,2.6512631361497543,6.86674,8202.128149218794,46
3400330420,Hasbrouck Heights borough,Bergen,12205,3897575,1.5048621205810733,3.897575,8110.3775775067525,47
3403931980,Hillside township,Union,22069,7120903,2.749396019071378,7.120902999999999,8026.853842413691,48
3403553280,North Plainfield borough,Somerset,22092,7237471,2.794403175488354,7.237470999999999,7905.8026392842075,49
3402331470,Highland Park borough,Middlesex,14250,4692225,1.8116782008668277,4.692225,7865.635295044037,50
3400321300,Elmwood Park borough,Bergen,20293,6852548,2.64578357431572,6.852548,7669.939520751763,51
3400714260,Collingswood borough,Camden,13969,4721352,1.8229241984386937,4.7213519999999995,7662.962624537121,52
3403113690,Clifton city,Passaic,86207,29183152,11.267677980272294,29.183152,7650.822125990215,53
3400344880,Maywood borough,Bergen,9789,3330428,1.2858854396702006,3.330428,7612.653272215795,54
3400382570,Wood-Ridge borough,Bergen,8350,2841136,1.0969687423126504,2.8411359999999997,7611.885077414668,55
3400362940,Ridgefield Park village,Bergen,13070,4450415,1.718314837909679,4.450415,7606.28943639897,56
3403961530,Rahway city,Union,29443,10107848,3.902661931018944,10.107847999999999,7544.337818754581,57
3400340680,Little Ferry borough,Bergen,10942,3822000,1.4756824499492278,3.8219999999999996,7414.874386001182,58
3400351660,New Milford borough,Bergen,16760,5889722,2.274034377414931,5.889722,7370.161228192325,59
3403129070,Haledon borough,Passaic,8440,3009080,1.1618122832269029,3.00908,7264.512625532004,60
3402318490,Dunellen borough,Middlesex,7392,2714765,1.0481766264354828,2.714765,7052.246552318052,61
3402562430,Red Bank borough,Monmouth,12220,4503881,1.7389581759183095,4.503881,7027.196035664779,62
3403568730,South Bound Brook borough,Somerset,4606,1704421,0.6580806271650741,1.704421,6999.142369289991,63
3402506970,Bradley Beach borough,Monmouth,4262,1584906,0.6119356276868736,1.584906,6964.7848681575015,64
3401309250,Caldwell borough,Essex,8032,3020836,1.166351300202728,3.020836,6886.432928573002,65
3402334890,Jamesburg borough,Middlesex,6038,2272823,0.8775418662849174,2.272823,6880.583402318953,66
3402718070,Dover town,Morris,18307,6937847,2.678717702337232,6.937847,6834.240123185356,67
3400372360,Teaneck township,Bergen,40977,15607296,6.02601067461088,15.607296,6800.021143780337,68
3402531500,Highlands borough,Monmouth,4880,1900714,0.7338697781718464,1.900714,6649.681108488537,69
3400365280,Rutherford borough,Bergen,18622,7285656,2.8130075079977215,7.2856559999999995,6619.961001545639,70
3403925800,Garwood borough,Union,4365,1720230,0.6641845161894716,1.72023,6571.96892370011,71
3400322470,Fair Lawn borough,Bergen,33447,13306945,5.137840188105606,13.306944999999999,6509.933897405317,72
3402748300,Morristown town,Morris,18833,7534408,2.909051192139472,7.534408,6473.932136666595,73
3403974480,Union township,Union,58499,23494867,9.071418863367679,23.494867,6448.715562703363,74
3400753880,Oaklyn borough,Camden,4009,1625773,0.6277144646000278,1.625773,6386.661812157678,75
3401343800,Maplewood township,Essex,24706,10042544,3.877447915657488,10.042544,6371.716793469983,76
3403506790,Bound Brook borough,Somerset,10510,4297065,1.6591060718971948,4.297065,6334.7366259601295,77
3400745510,Merchantville borough,Camden,3769,1553273,0.5997220581057005,1.553273,6284.577912483114,78
3400363360,River Edge borough,Bergen,11648,4802371,1.854205809221644,4.802371,6281.93480037126,79
3400352320,North Arlington borough,Bergen,15877,6635910,2.5621391748934017,6.63591,6196.77500565931,80
3402525200,Freehold borough,Monmouth,11938,5046893,1.94861628123276,5.046893,6126.3985706039675,81
3401347500,Montclair township,Essex,38572,16341312,6.309415836615572,16.341312,6113.402729957069,82
3402541310,Long Branch city,Monmouth,30751,13258760,5.119235855596239,13.258759999999999,6006.951206669579,83
3401326610,Glen Ridge borough,Essex,7668,3319592,1.2817016366802347,3.3195919999999997,5982.6716144804695,84
3402537560,Lake Como borough,Monmouth,1518,657433,0.2538363003970358,0.6574329999999999,5980.232132384665,85
3400340020,Leonia borough,Bergen,9191,3999542,1.5442317993811707,3.999542,5951.82666467765,86
3402369420,South River borough,Middlesex,16345,7142889,2.7578848611290923,7.142888999999999,5926.643360052483,87
3400702200,Audubon borough,Camden,8736,3854612,1.488274013543614,3.854612,5869.886808813779,88
3400321480,Englewood city,Bergen,28509,12733019,4.916246120661975,12.733018999999999,5798.936688743575,89
3401369274,South Orange Village township,Essex,16503,7395735,2.8555092475079156,7.395734999999999,5779.3544231743035,90
3402368550,South Amboy city,Middlesex,8811,3988211,1.5398568758227265,3.9882109999999997,5721.960357706876,91
3403130570,Hawthorne borough,Passaic,19065,8637257,3.33486357158585,8.637257,5716.875545506617,92
3403922860,Fanwood borough,Union,7648,3475082,1.3417366613119996,3.475082,5700.075298323818,93
3402504930,Belmar borough,Monmouth,5719,2706778,1.0450928284952044,2.706778,5472.241167547389,94
3400363990,Rochelle Park township,Bergen,5677,2701136,1.0429144401167079,2.701136,5443.399555734133,95
3402310750,Carteret borough,Middlesex,24040,11441567,4.417613715808016,11.441567,5441.851992168333,96
3400728740,Haddon township,Camden,14612,6964272,2.688920451876716,6.964271999999999,5434.151088330502,97
3403357750,Penns Grove borough,Salem,4917,2356919,0.9100115134097029,2.356919,5403.22834111911,98
3400563510,Riverside township,Burlington,7969,3856465,1.4889894608433933,3.856465,5351.951917434123,99
3400175620,Ventnor City city,Atlantic,10429,5054274,1.951466101264962,5.0542739999999995,5344.187118208104,100
3400748750,Mount Ephraim borough,Camden,4641,2260402,0.8727460913736617,2.260402,5317.697834309727,101
3402959880,Point Pleasant borough,Ocean,18519,9044992,3.4922909351991542,9.044991999999999,5302.822801315068,102
3403568460,Somerville borough,Somerset,12234,6040280,2.3321651462007646,6.04028,5245.769160014209,103
3403140620,Little Falls township,Passaic,14524,7177595,2.7712849226434666,7.177594999999999,5240.890202709969,104
3400365340,Saddle Brook township,Bergen,14076,6963835,2.688751725233433,6.9638349999999996,5235.143084390934,105
3402536810,Keyport borough,Monmouth,7138,3614119,1.3954191471292658,3.6141189999999996,5115.308912511837,106
3402345690,Metuchen borough,Middlesex,13940,7192517,2.777046339053237,7.192517,5019.721782803411,107
3402549920,Neptune City borough,Monmouth,4749,2470275,0.9537785096934404,2.470275,4979.143429774282,108
3401582120,Woodbury city,Gloucester,9980,5203466,2.0090694545022263,5.203466,4967.473860913722,109
3400380270,Westwood borough,Bergen,11246,5863689,2.2639829799215954,5.863689,4967.351830705664,110
3403915640,Cranford township,Union,23972,12508673,4.829625645801611,12.508673,4963.5317016421,111
3400543740,Maple Shade township,Burlington,18940,9897789,3.8215576976976764,9.897789,4956.0942155630755,112
3401375815,Verona township,Essex,13585,7137693,2.7558786743133057,7.137693,4929.462289694242,113
3400726820,Gloucester City city,Camden,11333,6028796,2.327731149012063,6.028796,4868.689412353294,114
3401736510,Kearny town,Hudson,42487,22743455,8.781297068212982,22.743454999999997,4838.351290243529,115
3400342090,Lyndhurst township,Bergen,21937,11797220,4.554932106800113,11.79722,4816.098129596705,116
3400376400,Waldwick borough,Bergen,9985,5370452,2.0735431095485954,5.370451999999999,4815.42918206977,117
3400728800,Haddon Heights borough,Camden,7530,4062714,1.5686226449406142,4.062714,4800.389707675727,118
3400346110,Midland Park borough,Bergen,7336,4028121,1.5552662129701553,4.028121,4716.87736724515,119
3402966450,Seaside Heights borough,Ocean,2894,1605869,0.620029487236399,1.605869,4667.519947961126,120
3402346620,Milltown borough,Middlesex,7069,4011417,1.5488167625138625,4.011417,4564.129321874337,121
3404158350,Phillipsburg town,Warren,14540,8269840,3.19300307480066,8.26984,4553.706858208314,122
3403979040,Westfield town,Union,30591,17401268,6.718667136175589,17.401267999999998,4553.135224587575,123
3400505740,Beverly city,Burlington,2520,1436786,0.5547461759635666,1.436786,4542.618064239713,124
3400771220,Stratford borough,Camden,7019,4010049,1.5482885747609763,4.0100489999999995,4533.392620999989,125
3402131620,Hightstown borough,Mercer,5527,3170186,1.2240156575810421,3.1701859999999997,4515.465113348892,126
3400740440,Lindenwold borough,Camden,17481,10086172,3.8942927806303778,10.086172,4488.876667657821,127
3400362910,Ridgefield borough,Bergen,11369,6608436,2.5515314041896064,6.608435999999999,4455.7554656517805,128
3400742630,Magnolia borough,Camden,4310,2506677,0.9678334004687025,2.506677,4453.245773407647,129
3400363000,Ridgewood village,Bergen,25554,14898659,5.752404399287837,14.898658999999999,4442.316330048641,130
3403543620,Manville borough,Somerset,10436,6113833,2.3605641182680372,6.113833,4420.977138149913,131
3400326640,Glen Rock borough,Bergen,11962,7034337,2.715972699614993,7.034337,4404.315257548683,132
3400143890,Margate City city,Atlantic,6200,3664966,1.4150512835846736,3.6649659999999997,4381.466645006584,133
3402382000,Woodbridge township,Middlesex,101639,60124902,23.214354444353017,60.124902,4378.2824219229615,134
3401923700,Flemington borough,Hunterdon,4650,2793074,1.0784119003687833,2.793074,4311.89603750649,135
3403182423,Woodland Park borough,Passaic,12542,7599018,2.9339972526028997,7.599018,4274.71429595694,136
3400315820,Cresskill borough,Bergen,8811,5345367,2.063857736901558,5.3453669999999995,4269.189606657596,137
3402502440,Avon-by-the-Sea borough,Monmouth,1814,1104168,0.42632164819349533,1.104168,4255.003253263547,138
3400703250,Barrington borough,Camden,6811,4150236,1.6024150780605662,4.150236,4250.459255690158,139
3402954450,Ocean Gate borough,Ocean,1911,1164658,0.44967696776372784,1.164658,4249.717323756929,140
3402543050,Manasquan borough,Monmouth,5824,3582761,1.3833117556416916,3.5827609999999996,4210.186153806203,141
3400739210,Laurel Springs borough,Camden,1917,1186843,0.45824264415099203,1.1868429999999999,4183.373207335859,142
3400506670,Bordentown city,Burlington,3872,2407018,0.9293548454505208,2.407018,4166.331104803118,143
3401580120,Westville borough,Gloucester,4223,2652651,1.0241942769597774,2.652651,4123.241161369863,144
3400765160,Runnemede borough,Camden,8391,5278664,2.038103564620301,5.278664,4117.062619221337,145
3400563660,Riverton borough,Burlington,2730,1722175,0.6649354848878366,1.722175,4105.661469489036,146
3400581440,Willingboro township,Burlington,31568,20042237,7.738350967719273,20.042237,4079.422105780251,147
3400708170,Brooklawn borough,Camden,2006,1273944,0.4918725282621976,1.273944,4078.292412644525,148
3400728770,Haddonfield borough,Camden,11428,7314544,2.824161227153696,7.314544,4046.5111871525837,149
3402938550,Lakewood township,Ocean,99467,63667674,24.582226360776755,63.667674,4046.297456552142,150
3401107600,Bridgeton city,Cumberland,24948,16003480,6.1789781721908605,16.00348,4037.560791569242,151
3403940350,Linden city,Union,42230,27658452,10.678988019142627,27.658452,3954.494557377589,152
3401379800,West Orange township,Essex,47609,31199410,12.04615954625077,31.19941,3952.213966385474,153
3402345900,Middlesex borough,Middlesex,13875,9110575,3.5176126730628434,9.110574999999999,3944.436551031302,154
3402544520,Matawan borough,Monmouth,8898,5855991,2.261010765505136,5.8559909999999995,3935.408064283181,155
3400981170,Wildwood city,Cape May,5136,3381000,1.3054113980320092,3.381,3934.3918765707476,156
3402904180,Beachwood borough,Ocean,11193,7375835,2.847825814552921,7.3758349999999995,3930.366788165794,157
3401559070,Pitman borough,Gloucester,8886,5869637,2.266279515560606,5.869637,3920.9638259479584,158
3400555800,Palmyra borough,Burlington,7296,4828311,1.864221299214235,4.828310999999999,3913.6984450693953,159
3400768340,Somerdale borough,Camden,5417,3592081,1.3869102277593073,3.592081,3905.80434953725,160
3403561980,Raritan borough,Somerset,7758,5162413,1.9932188025875834,5.162413,3892.19687769783,161
3403160090,Pompton Lakes borough,Passaic,11205,7533074,2.9085361318599765,7.533074,3852.453430872295,162
3402712100,Chatham borough,Morris,9003,6054849,2.3377902685485696,6.054849,3851.0725795730013,163
3402750130,Netcong borough,Morris,3245,2186519,0.8442197055940701,2.186519,3843.786135880969,164
3400704750,Bellmawr borough,Camden,11482,7764856,2.998027662371262,7.764856,3829.851253246416,165
3403936690,Kenilworth borough,Union,8235,5587767,2.157448900132247,5.5877669999999995,3817.0081337709607,166
3402709040,Butler borough,Morris,7780,5280563,2.0388367726193732,5.280563,3815.9013534000223,167
3400368970,South Hackensack township,Bergen,2743,1872699,0.7230531262002797,1.872699,3793.635489019671,168
3402522440,Fair Haven borough,Monmouth,6015,4136537,1.5971258645906932,4.136537,3766.1402481522687,169
3400353430,Northvale borough,Bergen,4872,3354978,1.2953642476624179,3.354978,3761.1042676157613,170
3402521570,Englishtown borough,Monmouth,2131,1473854,0.5690582107764179,1.473854,3744.783854524272,171
3402742510,Madison borough,Morris,16080,11145385,4.303257206286598,11.145385,3736.704368149048,172
3402369810,Spotswood borough,Middlesex,8443,5871605,2.2670393646086175,5.871605,3724.2405808236163,173
3403971430,Summit city,Union,22155,15529111,5.995823277345239,15.529110999999999,3695.0722153054407,174
3400102080,Atlantic City city,Atlantic,39075,27834683,10.747031188644721,27.834683,3635.887838614121,175
3403913150,Clark township,Union,15607,11146643,4.303742922802044,11.146643,3626.378313005445,176
3402570140,Spring Lake Heights borough,Monmouth,4645,3324834,1.2837255841953144,3.324834,3618.3745632145005,177
3400159640,Pleasantville city,Atlantic,20568,14746305,5.693580191025261,14.746305,3612.489735794211,178
3402530690,Hazlet township,Monmouth,20082,14419497,5.567398916796322,14.419497,3607.070429139626,179
3401571850,Swedesboro borough,Gloucester,2609,1875521,0.7241427064916865,1.875521,3602.8810020610936,180
3402706610,Boonton town,Morris,8390,6047852,2.335088711745248,6.047852,3593.0112452684098,181
3400331920,Hillsdale borough,Bergen,10520,7649245,2.953390005720011,7.649245,3562.0083970031974,182
3402958590,Pine Beach borough,Ocean,2185,1589664,0.6137727017572185,1.589664,3559.9497888133346,183
3402352560,North Brunswick township,Middlesex,42591,31066417,11.994810661879734,31.066416999999998,3550.785518887504,184
3401938610,Lambertville city,Hunterdon,3840,2813531,1.0863103922260862,2.813531,3534.901283721502,185
3400545210,Medford Lakes borough,Burlington,4075,3008318,1.1615180733820936,3.008318,3508.3397265911385,186
3403951810,New Providence borough,Union,12716,9428375,3.6403159390476327,9.428374999999999,3493.103404460745,187
3400321450,Emerson borough,Bergen,7668,5711056,2.2050510491567863,5.711056,3477.4705115930315,188
3400356130,Park Ridge borough,Bergen,8905,6689104,2.5826774931149084,6.6891039999999995,3447.972123402788,189
3400757660,Pennsauken township,Camden,35863,27026552,10.435010065159656,27.026552,3436.79591836132,190
3402320230,Edison township,Middlesex,102304,77621675,29.969896267180204,77.621675,3413.5586952975978,191
3400548900,Mount Holly township,Burlington,9536,7268773,2.8064889452550497,7.2687729999999995,3397.839858276506,192
3400354990,Oradell borough,Bergen,8222,6277709,2.423836995601339,6.277709,3392.1422995526864,193
3402549890,Neptune township,Monmouth,27728,21190550,8.181717095701625,21.190549999999998,3389.0196490131975,194
3403970020,Springfield township,Union,17528,13401021,5.1741631347726456,13.401021,3387.6009595066985,195
3402500070,Aberdeen township,Monmouth,18372,14107796,5.447050487876483,14.107795999999999,3372.834535110445,196
3404177270,Washington borough,Warren,6517,5030053,1.9421143208829053,5.030053,3355.621206190017,197
3401766570,Secaucus town,Hudson,19279,14924663,5.762444599818575,14.924662999999999,3345.628693871865,198
3402502110,Atlantic Highlands borough,Monmouth,4322,3356219,1.295843400441169,3.356219,3335.279555020752,199
3400372420,Tenafly borough,Bergen,14882,11916017,4.600799884928479,11.916017,3234.6549235386587,200
3400377135,Washington township,Bergen,9368,7534305,2.9090114236171423,7.534305,3220.3379897187133,201
3400508920,Burlington city,Burlington,9835,7931931,3.062535680509741,7.931931,3211.39115622092,202
3402959910,Point Pleasant Beach borough,Ocean,4577,3694798,1.4265694831783118,3.694798,3208.396123687377,203
3402969510,South Toms River borough,Ocean,3741,3037775,1.1728914846662783,3.037775,3189.5533806048757,204
3402547130,Monmouth Beach borough,Monmouth,3247,2640928,1.0196680013551844,2.6409279999999997,3184.3698102564676,205
3402780390,Wharton borough,Morris,6591,5361000,2.069893671946052,5.361,3184.221532405256,206
3403771670,Sussex borough,Sussex,1872,1525659,0.5890602330997093,1.5256589999999999,3177.9432642215543,207
3401557150,Paulsboro borough,Gloucester,5970,4908264,1.8950913250961794,4.908264,3150.2439597189395,208
3402500760,Allentown borough,Monmouth,1890,1565699,0.6045197635277488,1.565699,3126.4486523495516,209
3402764050,Rockaway borough,Morris,6473,5367170,2.072275922264259,5.36717,3123.61878572971,210
3402574540,Union Beach borough,Monmouth,5634,4672700,1.8041395562212865,4.6727,3122.818287849215,211
3402359010,Piscataway township,Middlesex,57695,48793430,18.839248645689732,48.79343,3062.489438144347,212
3400520050,Edgewater Park township,Burlington,8799,7495328,2.8939623197836335,7.495328,3040.4680599496733,213
3401549680,National Park borough,Gloucester,2998,2600960,1.0042362702825598,2.6009599999999997,2985.3532368000006,214
3401311200,Cedar Grove township,Essex,12638,11010845,4.251311021876297,11.010845,2972.7300437365498,215
3400712280,Cherry Hill township,Camden,71204,62410692,24.096902897327755,62.410692,2954.902557535567,216
3402937770,Lakehurst borough,Ocean,2687,2369669,0.9149343159311191,2.369669,2936.822844233871,217
3402907420,Brick township,Ocean,75118,66602555,25.71539024994197,66.602555,2921.1300808538,218
3402369390,South Plainfield borough,Middlesex,24154,21565753,8.326583783893227,21.565752999999997,2900.829515067512,219
3402365790,Sayreville borough,Middlesex,44744,41089150,15.864609507674338,41.08915,2820.365668525,220
3402522950,Farmingdale borough,Monmouth,1470,1351039,0.5216390741750274,1.3510389999999999,2818.040428288096,221
3402133150,Hopewell borough,Mercer,1976,1819911,0.7026715654551411,1.8199109999999998,2812.1246072054823,222
3400981200,Wildwood Crest borough,Cape May,3176,2936635,1.1338411123512955,2.936635,2801.097936388804,223
3400726760,Gloucester township,Camden,64034,59526336,22.9832468197229,59.526336,2786.1163612901596,224
3402579310,West Long Branch borough,Monmouth,7944,7402806,2.858239375870969,7.402806,2779.3333431281576,225
3403729220,Hamburg borough,Sussex,3172,2958014,1.1420955903987744,2.958014,2777.3507109789853,226
3400313810,Closter borough,Bergen,8710,8191006,3.162565097234125,8.191006,2754.0935070767327,227
3400361680,Ramsey borough,Bergen,15121,14299503,5.521068974384179,14.299503,2738.7812161297256,228
3402330840,Helmetta borough,Middlesex,2321,2200992,0.8498077621346549,2.200992,2731.2059308211283,229
3400758770,Pine Hill borough,Camden,10517,10026102,3.871099623966733,10.026102,2716.7991066122922,230
3402157600,Pennington borough,Mercer,2591,2476125,0.9560372073209137,2.4761249999999997,2710.1455677239946,231
3403173140,Totowa borough,Passaic,10829,10354901,3.9980496275933306,10.354901,2708.5706803791313,232
3403966060,Scotch Plains township,Union,24339,23352149,9.016315135504817,23.352149,2699.4398081935806,233
3402507750,Brielle borough,Monmouth,4738,4550096,1.7568018871753486,4.550096,2696.946101087091,234
3404128710,Hackettstown town,Warren,9569,9347033,3.608909617267473,9.347033,2651.493391304512,235
3400168430,Somers Point city,Atlantic,10644,10434881,4.0289300782335555,10.434880999999999,2641.892461103906,236
3400383050,Wyckoff township,Bergen,17231,16940214,6.54065319157096,16.940214,2634.4463611380365,237
3400330150,Harrington Park borough,Bergen,4819,4744680,1.8319311895931718,4.74468,2630.557319715805,238
3400321510,Englewood Cliffs borough,Bergen,5435,5410310,2.0889323693837802,5.41031,2601.807545163985,239
3402934530,Island Heights borough,Ocean,1581,1582365,0.6109545421020173,1.582365,2587.7539015595116,240
3400713420,Clementon borough,Camden,4933,4958151,1.9143528034793862,4.958151,2576.8499886928594,241
3400355950,Paramus borough,Bergen,26919,27113722,10.4686665903198,27.113722,2571.3876516892365,242
3400776220,Voorhees township,Camden,29386,29765115,11.492375150764133,29.765114999999998,2556.9997162898144,243
3400517440,Delran township,Burlington,16747,17071042,6.591166164768751,17.071042,2540.825034804378,244
3400319510,East Rutherford borough,Bergen,9433,9635427,3.720259163178163,9.635427,2535.576040874939,245
3402939390,Lavallette borough,Ocean,2042,2093919,0.8084666457130396,2.093919,2525.7690107908243,246
3400363690,River Vale township,Bergen,10055,10389663,4.0114713108285835,10.389662999999999,2506.561613156123,247
3400152950,Northfield city,Atlantic,8480,8815666,3.403747671589249,8.815666,2491.371516984568,248
3402748690,Mount Arlington borough,Morris,5405,5625023,2.171833522150904,5.625023,2488.6806216376503,249
3402554270,Ocean township,Monmouth,27006,28170366,10.876639119530726,28.170365999999998,2482.936107671942,250
3403153040,North Haledon borough,Passaic,8564,8950071,3.4556417322081465,8.950071,2478.266169834575,251
3401582180,Woodbury Heights borough,Gloucester,3008,3165728,1.22229441415826,3.1657279999999997,2460.945550562363,252
3400557480,Pemberton borough,Burlington,1439,1515067,0.5849706390364278,1.515067,2459.952524062305,253
3400317530,Demarest borough,Bergen,5031,5352666,2.066675896556759,5.352666,2434.3439667448743,254
3402966480,Seaside Park borough,Ocean,1566,1682673,0.6496836774210929,1.6826729999999999,2410.403792529016,255
3400332310,Ho-Ho-Kus borough,Bergen,4162,4493470,1.734938466345724,4.493469999999999,2398.932342981801,256
3402122185,Ewing township,Mercer,36437,39499715,15.250925223311425,39.499714999999995,2389.166523766383,257
3403751930,Newton town,Sussex,7937,8697271,3.3580351065286163,8.697270999999999,2363.5845809262278,258
3403177840,Wayne township,Passaic,55154,61516695,23.751728725897284,61.516695,2322.1046617909456,259
3402758110,Pequannock township,Morris,15499,17479202,6.748757621799436,17.479202,2296.570845859992,260
3402756460,Parsippany-Troy Hills township,Morris,53444,60966602,23.539336631198193,60.966601999999995,2270.4123245838305,261
3402129310,Hamilton township,Mercer,89206,102301225,39.49872379403642,102.301225,2258.4527152107244,262
3402973125,Toms River township,Ocean,91415,104864982,40.488595905714725,104.864982,2257.7962499089112,263
3401578110,Wenonah borough,Gloucester,2193,2518405,0.9723616065840882,2.518405,2255.333802929572,264
3401577180,Washington township,Gloucester,48119,55379315,21.382073060102048,55.379315,2250.436609431843,265
3402570110,Spring Lake borough,Monmouth,2980,3443976,1.3297265675683785,3.4439759999999997,2241.0622399230656,266
3402319000,East Brunswick township,Middlesex,48673,56266892,21.724768455674678,56.266892,2240.438147790074,267
3400953490,North Wildwood city,Cape May,3895,4539095,1.7525543773292231,4.539095,2222.470269901538,268
3403382720,Woodstown borough,Salem,3501,4104266,1.58466596183237,4.104266,2209.298416400481,269
3401352620,North Caldwell borough,Essex,6637,7796666,3.010309572034497,7.796665999999999,2204.7566342203236,270
3400300700,Allendale borough,Bergen,6820,8019272,3.0962582291389964,8.019271999999999,2202.6586593510638,271
3400512940,Cinnaminson township,Burlington,16528,19437446,7.50483985715223,19.437445999999998,2202.312149838688,272
3402748210,Morris Plains borough,Morris,5605,6623316,2.557276604308718,6.623316,2191.7848036290707,273
3401346380,Millburn township,Essex,20387,24157643,9.327318107597806,24.157643,2185.730106427189,274
3403905320,Berkeley Heights township,Union,13576,16086941,6.211202644444972,16.086941,2185.7280750841032,275
3402540770,Little Silver borough,Monmouth,5917,7013353,2.707870731920138,7.0133529999999995,2185.1116932026825,276
3401340890,Livingston township,Essex,29955,35673087,13.773455892572462,35.673086999999995,2174.8354395321853,277
3401378510,West Caldwell township,Essex,10932,13095182,5.056078036706182,13.095182,2162.150172650762,278
3400353610,Norwood borough,Bergen,5864,7065072,2.7278395494577947,7.065072,2149.6865536558303,279
3400705440,Berlin borough,Camden,7612,9292608,3.5878960072888004,9.292608,2121.5776556890846,280
3400347610,Montvale borough,Bergen,8440,10311778,3.981399744210505,10.311778,2119.8574728078747,281
3401526340,Glassboro borough,Gloucester,19387,23787412,9.184371119338477,23.787412,2110.868533957542,282
3402519840,Eatontown borough,Monmouth,12258,15089107,5.825936783177929,15.089106999999998,2104.039308389734,283
3402763300,Riverdale borough,Morris,4238,5226439,2.017939379390422,5.226439,2100.162196785224,284
3403365490,Salem city,Salem,4877,6069563,2.3434713757093633,6.069563,2081.100733958717,285
3400739420,Lawnside borough,Camden,2917,3658255,1.4124601519986952,3.658255,2065.191004413337,286
3401913720,Clinton town,Hunterdon,2690,3464770,1.33775517585311,3.4647699999999997,2010.83131544196,287
3402566240,Sea Bright borough,Monmouth,1304,1684221,0.6502813635625166,1.684221,2005.2858240564299,288
3402359280,Plainsboro township,Middlesex,23487,30551218,11.795891215900824,30.551218,1991.1170398332938,289
3400549020,Mount Laurel township,Burlington,41795,56181049,21.691624288078916,56.181048999999994,1926.780560318358,290
3400517080,Delanco township,Burlington,4503,6102136,2.356047881319566,6.102136,1911.2514799478429,291
3401939630,Lebanon borough,Hunterdon,1693,2295836,0.8864272352594547,2.295836,1909.9142407379484,292
3402567350,Shrewsbury borough,Monmouth,4051,5614074,2.167606089617023,5.614074,1868.8819981658842,293
3403770380,Stanhope borough,Sussex,3411,4754579,1.8357532148605835,4.754579,1858.0928920007632,294
3402554570,Oceanport borough,Monmouth,5762,8237181,3.1803933644048223,8.237181,1811.7255759896539,295
3404104990,Belvidere town,Warren,2619,3759524,1.4515603314921302,3.759524,1804.265343423791,296
3400140530,Linwood city,Atlantic,6959,10001495,3.861598808151479,10.001495,1802.1033115377477,297
3400354870,Old Tappan borough,Bergen,5999,8626094,3.330553513190041,8.626094,1801.2021053683932,298
3400954360,Ocean City city,Cape May,11328,16413015,6.337100519689542,16.413014999999998,1787.5682995407126,299
3400330540,Haworth borough,Bergen,3473,5036528,1.9446143323594676,5.036528,1785.95824488555,300
3402119780,East Windsor township,Mercer,27675,40496749,15.635882202851635,40.496749,1769.9672868444034,301
3401517710,Deptford township,Gloucester,30556,44966014,17.361475066449838,44.966014,1759.9887039003906,302
3402354705,Old Bridge township,Middlesex,66880,98577844,38.06111835286049,98.577844,1757.1738008316727,303
3402903520,Bay Head borough,Ocean,1011,1507735,0.5821397380099945,1.5077349999999998,1736.6964218179562,304
3403948510,Mountainside borough,Union,6907,10380037,4.007754691450454,10.380037,1723.4088739848185,305
3400382300,Woodcliff Lake borough,Bergen,5868,8854887,3.4188909843494426,8.854887,1716.346039362405,306
3402160900,Princeton,Mercer,30722,46443932,17.932102396398573,46.443932,1713.2402727172755,307
3400508950,Burlington township,Burlington,22713,34745471,13.415301352673954,34.745470999999995,1693.066700694936,308
3400705470,Berlin township,Camden,5453,8370648,3.231925261199007,8.370648,1687.2296106182234,309
3401364590,Roseland borough,Essex,5907,9158210,3.5360046493850126,9.15821,1670.5294776768335,310
3400347700,Moonachie borough,Bergen,2783,4315923,1.6663871864029884,4.315923,1670.0800526480866,311
3402971640,Surf City borough,Ocean,1238,1930615,0.7454146188144241,1.930615,1660.8206610825919,312
3402748480,Mountain Lakes borough,Morris,4309,6774832,2.615777258962435,6.774832,1647.3115152431567,313
3402740290,Lincoln Park borough,Morris,10464,16520212,6.378489512778816,16.520212,1640.5137892029416,314
3402566330,Sea Girt borough,Monmouth,1714,2737338,1.0568921104602615,2.737338,1621.7360154704695,315
3403527510,Green Brook township,Somerset,7210,11583851,4.472549875334069,11.583851,1612.0558073064444,316
3402723910,Florham Park borough,Morris,11792,18947263,7.315579142771417,18.947263,1611.9024577366195,317
3403321240,Elmer borough,Salem,1394,2240927,0.8652267518360475,2.240927,1611.1383484639991,318
3402545990,Middletown township,Monmouth,65952,106137693,40.979992370015445,106.137693,1609.3707242428934,319
3400375140,Upper Saddle River borough,Bergen,8339,13625940,5.261004846169854,13.62594,1585.0584144720956,320
3400310480,Carlstadt borough,Bergen,6268,10360144,4.0000739612105685,10.360144,1566.9710262314936,321
3400353850,Oakland borough,Bergen,13145,21898009,8.454868542681906,21.898009,1554.7255328266017,322
3400522110,Evesham township,Burlington,45489,75844849,29.283859913225864,75.844849,1553.3812869885774,323
3400100100,Absecon city,Atlantic,8370,13975072,5.395805464986095,13.975071999999999,1551.2049228449287,324
3402139510,Lawrence township,Mercer,33288,56483062,21.808232159286796,56.483062,1526.396076347008,325
3401931320,High Bridge borough,Hunterdon,3565,6187744,2.3891013149080678,6.1877439999999995,1492.1928918435929,326
3401321840,Essex Fells borough,Essex,2095,3657444,1.4121470231481172,3.657444,1483.556574250739,327
3403176730,Wanaque borough,Passaic,11782,20743556,8.009131747446103,20.743555999999998,1471.0708191005801,328
3400910270,Cape May city,Cape May,3500,6225728,2.403767019298144,6.225728,1456.047933057146,329
3400107810,Brigantine city,Atlantic,9164,16543199,6.387364843097231,16.543198999999998,1434.7074615447173,330
3402748090,Morris township,Morris,22498,40662676,15.699946975712107,40.662676,1432.998470300856,331
3403524900,Franklin township,Somerset,65999,119522850,46.148030380144974,119.52284999999999,1430.158545366561,332
3402719210,East Hanover township,Morris,11241,20401299,7.8769855809698415,20.401298999999998,1427.0687542144733,333
3403507720,Bridgewater township,Somerset,45336,82974342,32.03657254983912,82.974342,1415.1326559503527,334
3402717650,Denville township,Morris,16822,31017770,11.976027950173119,31.01777,1404.6393403546483,335
3400547880,Moorestown township,Burlington,20568,38055149,14.6931751725544,38.055149,1399.833579771054,336
3400506700,Bordentown township,Burlington,11808,22052897,8.514671133814227,22.052896999999998,1386.7828615373069,337
3401578800,West Deptford township,Gloucester,21348,39915566,15.41148619204346,39.915566,1385.2006051837755,338
3402729550,Hanover township,Morris,14436,27259516,10.524957968422338,27.259515999999998,1371.5969264021599,339
3402565130,Rumson borough,Monmouth,6874,13097339,5.0569108590621585,13.097339,1359.3278963344894,340
3403732910,Hopatcong borough,Sussex,14507,28112999,10.85448959700162,28.112999,1336.4976648931818,341
3402544070,Marlboro township,Monmouth,40466,78635929,30.36150192589051,78.63592899999999,1332.8062656048305,342
3404101030,Alpha borough,Warren,2225,4329348,1.6715706078814208,4.3293479999999995,1331.083466955671,343
3401909280,Califon borough,Hunterdon,1259,2458993,0.9494225051407644,2.458993,1326.0692612435353,344
3402542990,Manalapan township,Monmouth,40096,79271199,30.606781044147773,79.271199,1310.036489696999,345
3400523850,Florence township,Burlington,12645,25331250,9.78045030357833,25.331249999999997,1292.8852565585482,346
3402761890,Randolph township,Morris,25918,53992908,20.846778324783692,53.992908,1243.2616491723034,347
3402746860,Mine Hill township,Morris,3609,7594385,2.9322084413023726,7.594385,1230.8129085110413,348
3401513360,Clayton borough,Gloucester,8475,18492259,7.13990111622597,18.492259,1186.9912288756934,349
3402747670,Montville township,Morris,21739,47933577,18.507257546360535,47.933577,1174.6202777771896,350
3402712130,Chatham township,Morris,10507,23254311,8.978539672517341,23.254310999999998,1170.2348470053728,351
3404141490,Lopatcong township,Warren,8300,18384253,7.098199766490435,18.384252999999998,1169.3105678968193,352
3400324990,Franklin Lakes borough,Bergen,10953,24297053,9.38114460952021,24.297053,1167.5547554063535,353
3402573020,Tinton Falls borough,Monmouth,17902,40110670,15.486816267583725,40.11067,1155.9509514858535,354
3403505560,Bernards township,Somerset,27032,61977949,23.929819890933622,61.977948999999995,1129.6365841115967,355
3402903940,Beach Haven borough,Ocean,1102,2533740,0.9782824831853366,2.53374,1126.4640008802294,356
3402764980,Roxbury township,Morris,23458,53977813,20.840950112700494,53.977813,1125.5724846107028,357
3401925350,Frenchtown borough,Hunterdon,1421,3274833,1.2644200901660334,3.2748329999999997,1123.8353542875184,358
3402368790,South Brunswick township,Middlesex,45602,105274116,40.64656342624783,105.27411599999999,1121.9152655486776,359
3401946260,Milford borough,Hunterdon,1284,2975206,1.1487334587084361,2.975206,1117.752765244297,360
3403724930,Franklin borough,Sussex,4849,11298899,4.362529293053083,11.298898999999999,1111.5111611334223,361
3402180240,West Windsor township,Mercer,28289,66210112,25.563867160537093,66.210112,1106.600962301576,362
3403754660,Ogdensburg borough,Sussex,2433,5818756,2.246634251631808,5.818756,1082.9533103720946,363
3400518790,Eastampton township,Burlington,6003,14887452,5.748077352397052,14.887452,1044.3492026941217,364
3402347280,Monroe township,Middlesex,43796,108728206,41.98019503104771,108.728206,1043.2538478587192,365
3401926550,Glen Gardner borough,Hunterdon,1587,3949705,1.524989626105891,3.949705,1040.6628168694199,366
3400342750,Mahwah township,Bergen,26581,66557962,25.698172796386086,66.557962,1034.3536955179188,367
3402974210,Tuckerton borough,Ocean,3371,8711684,3.3635999969396884,8.711684,1002.2000246958747,368
3400726070,Gibbsboro borough,Camden,2183,5652708,2.182522760410152,5.652708,1000.2186641983786,369
3402749080,Mount Olive township,Morris,29010,75895021,29.303231430724257,75.895021,989.9932049672582,370
3403577600,Watchung borough,Somerset,5961,15607360,6.026035385149028,15.60736,989.2075998575606,371
3402905305,Berkeley township,Ocean,41676,111043242,42.87403542775118,111.04324199999999,972.0568540889966,372
3402712580,Chester borough,Morris,1540,4127376,1.5935887827162858,4.127376,966.3722641013178,373
3400712550,Chesilhurst borough,Camden,1647,4449226,1.717855762443172,4.4492259999999995,958.7533691755358,374
3400542060,Lumberton township,Burlington,12390,33473740,12.92428326848861,33.47374,958.6605108082647,375
3401551390,Newfield borough,Gloucester,1626,4410291,1.7028228749003218,4.410291,954.8849877267365,376
3401543440,Mantua township,Gloucester,15110,41048023,15.848730284199963,41.048023,953.3886771398701,377
3400529010,Hainesport township,Burlington,6083,16729782,6.459404942144556,16.729782,941.7276133767846,378
3403106340,Bloomingdale borough,Passaic,8139,22580921,8.718542339976445,22.580921,933.5276107659516,379
3402532640,Holmdel township,Monmouth,16648,46351492,17.89641111286291,46.351492,930.2423762513131,380
3402525230,Freehold township,Monmouth,35429,99726048,38.504442395707564,99.72604799999999,920.1275955615342,381
3400966390,Sea Isle City city,Cape May,1971,5616610,2.1685852446910867,5.61661,908.8874900468888,382
3400978530,West Cape May borough,Cape May,1051,3018086,1.165289519266736,3.018086,901.9217822034019,383
3401176070,Vineland city,Cumberland,60824,177217336,68.42399596074189,177.217336,888.9279140449153,384
3402533300,Howell township,Monmouth,52076,156852936,60.56125716332011,156.852936,859.8896792971574,385
3402576460,Wall township,Monmouth,26020,79443311,30.67323385885883,79.443311,848.2966002127318,386
3401929460,Hampton borough,Hunterdon,1286,3965398,1.5310487272798976,3.965398,839.9471402094055,387
3402745330,Mendham borough,Morris,4992,15411403,5.950375964467525,15.411403,838.938586369931,388
3403576940,Warren township,Somerset,15998,50636384,19.550817163184167,50.636384,818.2778175699775,389
3400941610,Lower township,Cape May,22051,71852359,27.742350906266733,71.85235899999999,794.8497254073334,390
3401547250,Monroe township,Gloucester,36779,120158299,46.39337861068861,120.158299,792.7639913581646,391
3400578200,Westampton township,Burlington,8730,28554786,11.025064511317613,28.554786,791.8321013939058,392
3401322385,Fairfield township,Essex,7671,26668102,10.296611746430116,26.668101999999998,745.0023550377698,393
3402741362,Long Hill township,Morris,8763,30744335,11.870454106452065,30.744335,738.2194414312221,394
3403507180,Branchburg township,Somerset,14683,51912478,20.04351981108723,51.912478,732.5559651393157,395
3403531890,Hillsborough township,Somerset,39712,141245107,54.535040696258726,141.245107,728.1923602327919,396
3400971010,Stone Harbor borough,Cape May,1013,3619761,1.3975975355077621,3.619761,724.8152449209681,397
3401519180,East Greenwich township,Gloucester,10320,37407094,14.442959738200173,37.407094,714.5349836228263,398
3403547580,Montgomery township,Somerset,23059,83672046,32.30595757026282,83.672046,713.7692776896818,399
3402163850,Robbinsville township,Mercer,14281,52618095,20.315960057891477,52.618095,702.9448748326677,400
3400781740,Winslow township,Camden,39317,148515157,57.34202269397023,148.515157,685.6577105734772,401
3401530180,Harrison township,Gloucester,12884,49592904,19.147927282788295,49.592904,672.8665619897763,402
3401146680,Millville city,Cumberland,28235,108814020,42.01332800168087,108.81402,672.0486412995032,403
3400365400,Saddle River borough,Bergen,3248,12752732,4.9238573525133225,12.752732,659.6454298868139,404
3400120290,Egg Harbor township,Atlantic,43651,172476681,66.59361883233686,172.47668099999999,655.4832244497836,405
3402903050,Barnegat township,Ocean,22141,89035131,34.376656265209434,89.03513099999999,644.0707853953669,406
3403505590,Bernardsville borough,Somerset,7792,33441964,12.912014486298766,33.441964,603.4689635972969,407
3400545120,Medford township,Burlington,23353,100804651,38.92089334221792,100.80465099999999,600.0119214804544,408
3403357870,Pennsville township,Salem,12742,55110675,21.278350576231205,55.110675,598.8246106929613,409
3400108680,Buena borough,Atlantic,4510,19626213,7.577723203313811,19.626213,595.1655766507457,410
3402764080,Rockaway township,Morris,24758,107868261,41.648168410319926,107.86826099999999,594.455913549016,411
3402970320,Stafford township,Ocean,27012,118747339,45.84860390907156,118.747339,589.1564343719402,412
3401961920,Raritan township,Hunterdon,22103,97206220,37.53153136575187,97.20622,588.9181495048014,413
3401582840,Woolwich township,Gloucester,12172,54154440,20.90914617865737,54.15444,582.1375916547156,414
3402737110,Kinnelon borough,Morris,10242,46591120,17.98893200091012,46.59112,569.350087013605,415
3402934680,Jackson township,Ocean,56501,257041547,99.24429613178954,257.041547,569.3123151880748,416
3402941250,Long Beach township,Ocean,3040,14099461,5.4438323263850315,14.099461,558.4301311533427,417
3402734980,Jefferson township,Morris,21440,100732782,38.89314456618563,100.732782,551.2539610551394,418
3401528185,Greenwich township,Gloucester,4861,23225011,8.967226879272047,23.225011,542.085091126256,419
3402706640,Boonton township,Morris,4353,21101660,8.147396474828787,21.10166,534.2811060500743,420
3402943140,Manchester township,Ocean,43418,211410671,81.62611641200685,211.41067099999998,531.913092383915,421
3404128260,Greenwich township,Warren,5555,27271788,10.529696214111972,27.271787999999997,527.5555806211341,422
3403769690,Sparta township,Sussex,19053,95691171,36.946567676554295,95.691171,515.6906635224666,423
3403163150,Ringwood borough,Passaic,12451,65318690,25.21968720216487,65.31869,493.7016030449101,424
3403310610,Carneys Point township,Salem,7794,43678010,16.864173941838533,43.67801,462.16316475862305,425
3404155530,Oxford township,Warren,2609,14987155,5.78657289591021,14.987155,450.87136150033973,426
3400557510,Pemberton township,Burlington,27573,158724357,61.28381685096177,158.724357,449.9230207389943,427
3403557300,Peapack and Gladstone borough,Somerset,2595,14970762,5.780243523225224,14.970761999999999,448.9430228282248,428
3400553070,North Hanover township,Burlington,7634,44765961,17.284234171326947,44.765961,441.6741826296329,429
3401913750,Clinton township,Hunterdon,13067,77379554,29.876412826451748,77.379554,437.36843763354483,430
3402940560,Little Egg Harbor township,Ocean,20695,122681465,47.36757844964952,122.68146499999999,436.90221618566034,431
3402954300,Ocean township,Ocean,8838,53237888,20.555263473040974,53.237888,429.96286627954834,432
3402777240,Washington township,Morris,18713,115157312,44.4624867351459,115.15731199999999,420.87164650662885,433
3400125560,Galloway township,Atlantic,37029,230701195,89.07422936782172,230.70119499999998,415.70946235294423,434
3400543290,Mansfield township,Burlington,8586,56307489,21.740443045005023,56.307489,394.93215396880686,435
3400120350,Egg Harbor City city,Atlantic,4222,28314191,10.932170262483092,28.314190999999997,386.199619895147,436
3403709160,Byram township,Sussex,8076,54611886,21.085767066673977,54.611886,383.00717135228655,437
3404177300,Washington township,Warren,6494,45744890,17.662200771286745,45.74489,367.67784966849814,438
3400512670,Chesterfield township,Burlington,7616,55254195,21.333763958025216,55.254194999999996,356.99279391038056,439
3400129430,Hammonton town,Atlantic,14557,105897156,40.88712051510612,105.897156,356.028984594838,440
3403179460,West Milford township,Passaic,26759,197084880,76.09489758407891,197.08488,351.6530128768936,441
3400551510,New Hanover township,Burlington,7665,57433399,22.17515932632955,57.433398999999994,345.6570429642418,442
3400902320,Avalon borough,Cape May,1424,10753460,4.15193411779985,10.753459999999999,342.97268684855516,443
3402937380,Lacey township,Ocean,28444,215710205,83.28617577013348,215.710205,341.52126372693954,444
3403775740,Vernon township,Sussex,22572,174118547,67.2275468389743,174.11854699999998,335.7552232876386,445
3401962250,Readington township,Hunterdon,15962,123636186,47.73619828855532,123.636186,334.37937188699135,446
3402745360,Mendham township,Morris,5877,46056525,17.78252371746412,46.056525,330.49302187789186,447
3402514560,Colts Neck township,Monmouth,10018,79592589,30.73087041688173,79.59258899999999,325.99141723290404,448
3402133180,Hopewell township,Mercer,18503,150301105,58.0315810718148,150.301105,318.84363062764584,449
3403504450,Bedminster township,Somerset,8244,67544491,26.079073772750803,67.544491,316.11552127337796,450
3403701360,Andover township,Sussex,6052,51217149,19.77505178329007,51.217149,306.042182155697,451
3400981890,Woodbine borough,Cape May,2454,20772852,8.020442996282762,20.772852,305.96813681455706,452
3401974420,Union township,Hunterdon,5669,48527906,18.73672925614491,48.527905999999994,302.5608110412756,453
3400777630,Waterford township,Camden,10749,93345389,36.040856182884276,93.345389,298.2448570437868,454
3401524840,Franklin township,Gloucester,16579,144798952,55.907187921884,144.79895199999999,296.5450529038397,455
3402315550,Cranbury township,Middlesex,3844,34294566,13.241205958876371,34.294565999999996,290.3058839155913,456
3402546560,Millstone township,Monmouth,10522,94790466,36.59880353184432,94.790466,287.4957371446554,457
3404133930,Independence township,Warren,5541,51136516,19.743919207940316,51.136516,280.64336880853944,458
3401541160,Logan township,Gloucester,5976,56823101,21.93952195117541,56.823100999999994,272.3851510210247,459
3402712610,Chester township,Morris,7931,76284412,29.453576136341255,76.284412,269.2712071120745,460
3400945810,Middle township,Cape May,18623,182166373,70.33482982914832,182.166373,264.77635682402996,461
3404143320,Mansfield township,Warren,7507,77227771,29.8178090825217,77.22777099999999,251.76229344094827,462
3403729850,Hardyston township,Sussex,7964,83288816,32.1579916400446,83.288816,247.65228155861772,463
3404140110,Liberty township,Warren,2857,30053492,11.603718132938127,30.053492,246.21418473533635,464
3404159820,Pohatcong township,Warren,3254,34589818,13.355203393390346,34.589818,243.6503514136254,465
3401174870,Upper Deerfield township,Cumberland,7523,80543375,31.097970943793666,80.543375,241.91288922344924,466
3400129280,Hamilton township,Atlantic,26663,287828907,111.13136228361289,287.828907,239.9232714519837,467
3400568610,Southampton township,Burlington,10274,113098743,43.66766880073733,113.098743,235.27704322577722,468
3400301090,Alpine borough,Bergen,1481,16606290,6.411724414381832,16.606289999999998,230.98310287292443,469
3400180330,Weymouth township,Atlantic,2772,31310914,12.089211481336886,31.310914,229.29535183327428,470
3404100670,Allamuchy township,Warren,4559,52990650,20.459804347567257,52.990649999999995,222.82715526270815,471
3401932460,Holland township,Hunterdon,5201,60902817,23.514709105015566,60.902817,221.18070764867142,472
3400123940,Folsom borough,Atlantic,1804,21243368,8.20211023951152,21.243368,219.943398384199,473
3403727420,Green township,Sussex,3511,41396886,15.983427041535556,41.396885999999995,219.66503121490095,474
3402959790,Plumsted township,Ocean,8509,102842152,39.70757687635031,102.842152,214.29159544278136,475
3401521060,Elk township,Gloucester,4123,50489990,19.494294123786503,50.48999,211.49778359859707,476
3401569030,South Harrison township,Gloucester,3190,40586154,15.670401666336122,40.586154,203.56848968670056,477
3403729490,Hampton township,Sussex,4959,63245543,24.419240670489074,63.245543,203.07756768182423,478
3403359130,Pittsgrove township,Salem,9009,116764975,45.08320888965472,116.76497499999999,199.83049613993433,479
3401939660,Lebanon township,Hunterdon,6152,81474537,31.45749460194637,81.474537,195.56547900096777,480
3402729700,Harding township,Morris,3887,51653142,19.943389621699467,51.653141999999995,194.9016728716335,481
3400974810,Upper township,Cape May,11990,160965722,62.14921271554326,160.965722,192.92279782976803,482
3404106160,Blairstown township,Warren,5833,79817109,30.817558073517677,79.817109,189.2752172668881,483
3401905650,Bethlehem township,Hunterdon,3915,53641604,20.711139092079097,53.641604,189.02871457694368,484
3401972510,Tewksbury township,Hunterdon,5881,81676243,31.53537372393733,81.676243,186.4889901569789,485
3401116900,Deerfield township,Cumberland,3104,43411116,16.761125592336505,43.411116,185.1904266751158,486
3403725140,Fredon township,Sussex,3238,45808035,17.686581192087907,45.808035,183.0766480436886,487
3400108710,Buena Vista township,Atlantic,7488,106328873,41.05380738068558,106.328873,182.3947759720539,488
3401900550,Alexandria township,Hunterdon,4819,71021491,27.421550978002887,71.021491,175.7376890849727,489
3404180570,White township,Warren,4771,70322462,27.15165437221912,70.322462,175.7167329325452,490
3403776790,Wantage township,Sussex,11062,172890195,66.75327748032437,172.890195,165.71470971235144,491
3403724810,Frankford township,Sussex,5399,88114785,34.02130868800353,88.114785,158.6946595591655,492
3401114710,Commercial township,Cumberland,5080,83214368,32.12924710654543,83.214368,158.11139250023365,493
3401122350,Fairfield township,Cumberland,6300,106864190,41.26049442989005,106.86419,152.68842720013882,494
3401133120,Hopewell township,Cumberland,4496,77376719,29.87531822683228,77.376719,150.4921208157024,495
3403770890,Stillwater township,Sussex,3975,69023917,26.65028334475462,69.023917,149.1541365087351,496
3402574900,Upper Freehold township,Monmouth,6899,120224170,46.41881154597396,120.22417,148.62508905828224,497
3400566810,Shamong township,Burlington,6470,114974335,44.39183892048228,114.974335,145.74751029326606,498
3401924870,Franklin township,Hunterdon,3234,59058190,22.80249463860989,59.058189999999996,141.8265874525891,499
3400160600,Port Republic city,Atlantic,1056,19377844,7.481827396298782,19.377844,141.14198899087103,500
3400572060,Tabernacle township,Burlington,6920,127221032,49.12031506719757,127.221032,140.87857519914726,501
3401918820,East Amwell township,Hunterdon,3933,73707654,28.45868431049974,73.70765399999999,138.20034535289224,502
3403737440,Lafayette township,Sussex,2391,46425446,17.924964911895756,46.425446,133.38938244800872,503
3404124960,Franklin township,Warren,3105,62263764,24.040173679377432,62.263763999999995,129.15880065640235,504
3401978230,West Amwell township,Hunterdon,2781,56038208,21.636473069650556,56.038208,128.5329633460873,505
3401917170,Delaware township,Hunterdon,4496,94917559,36.647874413479954,94.917559,122.68105782272232,506
3404137320,Knowlton township,Warren,2976,64099516,24.748961489126042,64.099516,120.24746983050444,507
3403358530,Pilesgrove township,Salem,4048,90243241,34.84311014396614,90.243241,116.1779181960024,508
3400569990,Springfield township,Burlington,3345,77544222,29.939991496694613,77.54422199999999,111.72347862454434,509
3400149410,Mullica township,Atlantic,6088,146130339,56.421239316439355,146.130339,107.90262804855034,510
3401937065,Kingwood township,Hunterdon,3777,91062065,35.15925985783251,91.06206499999999,107.42546957110045,511
3404130090,Harmony township,Warren,2540,61387431,23.701819616475454,61.387431,107.16476798407544,512
3400917560,Dennis township,Cape May,6298,157469809,60.799433160166664,157.469809,103.58649205509691,513
3403361470,Quinton township,Salem,2474,62396715,24.091506347457806,62.396715,102.69179371015389,514
3404133060,Hope township,Warren,1875,48228547,18.6211461000658,48.228547,100.69197620405193,515
3403300880,Alloway township,Salem,3362,86510068,33.40172399045377,86.51006799999999,100.65348725595307,516
3402918670,Eagleswood township,Ocean,1605,41597119,16.060737435046985,41.597119,99.93314481921887,517
3404125320,Frelinghuysen township,Warren,2283,60406064,23.32291169945313,60.406064,97.88657734589508,518
3403321330,Elsinboro township,Salem,1165,30864923,11.917013393546382,30.864922999999997,97.75939335864989,519
3403354810,Oldmans township,Salem,1714,50610155,19.540690089667756,50.610155,87.7144047694757,520
3401139450,Lawrence township,Cumberland,3234,95631400,36.92348996443605,95.6314,87.58652021016763,521
3403375110,Upper Pittsgrove township,Salem,3397,104449464,40.328163509001484,104.44946399999999,84.23393738824159,522
3403747430,Montague township,Sussex,3753,116834280,45.10996769975251,116.83427999999999,83.19669003045175,523
3401144580,Maurice River township,Cumberland,6958,241148079,93.10779383026424,241.148079,74.730586063337,524
3401171160,Stow Creek township,Cumberland,1327,47396306,18.299816053538276,47.396305999999996,72.51439009647444,525
3403343200,Mannington township,Salem,1721,87293950,33.704382522696335,87.29395,51.06160894183682,526
3403765700,Sandyston township,Sussex,1854,107240120,41.405641814350915,107.24011999999999,44.77650674545072,527
3404129820,Hardwick township,Warren,1559,94827609,36.61314452431906,94.827609,42.58033611301772,528
3403341640,Lower Alloways Creek township,Salem,1661,117178650,45.24292970008977,117.17864999999999,36.71291870377493,529
3400121870,Estell Manor city,Atlantic,1742,138099797,53.32062971597358,138.099797,32.67028182673804,530
3401118220,Downe township,Cumberland,1580,125940683,48.62596955460991,125.94068299999999,32.49292537448666,531
3400503370,Bass River township,Burlington,1453,194354064,75.04052363189666,194.354064,19.36287128175621,532
3400582420,Woodland township,Burlington,1510,244904735,94.55824682076567,244.904735,15.968993194873756,533
