level,name,GEOID,county,FIPS,diversity_rank,diversity,median_diversity,pct_hisp,pct_white,pct_black,pct_aian,pct_asian,pct_nhpi,pct_other,pct_two,pop,pop_hisp,pop_white,pop_black,pop_aian,pop_asian,pop_nhpi,pop_other,pop_two
municipality,Jersey City,3401736000,Hudson,017,1,0.7682641678567365,0.5240613031684282,0.24885364627678672,0.2380722792692059,0.18532804010271878,0.0021815769587175886,0.27842461420623765,3.4535936180325456e-4,0.014375156010107745,0.03241932781442235,292449,72777,69624,54199,638,81425,101,4204,9481
municipality,North Brunswick,3402352560,Middlesex,023,2,0.7612781356813645,0.5240613031684282,0.24316137114223893,0.28730212959799567,0.17622138708575333,0.0017082336863682953,0.25536954788748434,2.277644915157727e-5,0.010181072770755039,0.02603348138025282,43905,10676,12614,7737,75,11212,1,447,1143
municipality,Franklin,3403524900,Somerset,035,3,0.758386508029357,0.5240613031684282,0.1746240711485577,0.3131033877479375,0.24180855420981803,0.001389620267977298,0.2316277572991633,1.9015856298636708e-4,0.007065121994031947,0.030191328769527823,68364,11938,21405,16531,95,15835,13,483,2064
municipality,Atlantic City,3400102080,Atlantic,001,4,0.7421307347077355,0.5240613031684282,0.29906226459204616,0.16154505545886694,0.3397407590201834,0.0018702756058913681,0.16125931890796685,4.4159285139101746e-4,0.006831701171519859,0.02924903239213445,38497,11513,6219,13079,72,6208,17,263,1126
municipality,Carteret,3402310750,Middlesex,023,5,0.7403799740805779,0.5240613031684282,0.36879096580589116,0.22056384742951907,0.15083313590776276,0.0016978599068151307,0.22727631682855565,2.3691068467187872e-4,0.008647239990523572,0.02195372344626076,25326,9340,5586,3820,43,5756,6,219,556
municipality,Union,3403974480,Union,039,6,0.7400803787375705,0.5240613031684282,0.19921979641039378,0.32055317439057057,0.323064559335655,0.0011384945084382534,0.10835788909724083,2.1765336190731314e-4,0.012824805786230914,0.034623627109563355,59728,11899,19146,19296,68,6472,13,766,2068
municipality,Englewood,3400321480,Bergen,003,7,0.7374292140723517,0.5240613031684282,0.3288863109048724,0.2899208407260816,0.24498430462672308,0.0015695373276920978,0.0976866384604886,2.729630135116692e-4,0.010747918657021974,0.02593148628360857,29308,9639,8497,7180,46,2863,8,315,760
municipality,Piscataway,3402359010,Middlesex,023,8,0.7327779911110295,0.5240613031684282,0.13610946648246827,0.2343760278929018,0.19358923755016116,0.0021380172357081772,0.39426682455101636,3.4537201499901325e-4,0.013716202881389382,0.02545885139135583,60804,8276,14251,11771,130,23973,21,834,1548
municipality,Bloomfield,3401306260,Essex,013,9,0.7259963306267636,0.5240613031684282,0.3049995292345353,0.37036060634591844,0.18719517936164204,0.0015817719612089256,0.08464363054326335,7.532247434328218e-5,0.013426231051690048,0.03771772902739855,53105,16197,19668,9941,84,4495,4,713,2003
municipality,Teaneck,3400372360,Bergen,003,10,0.7251075972262924,0.5240613031684282,0.21451777142025893,0.4084032391019735,0.22256703680356882,0.0011152596615429376,0.10614362604858653,1.9395820200746738e-4,0.01430441739805072,0.03275469136401105,41246,8848,16845,9180,46,4378,8,590,1351
municipality,Rahway,3403961530,Union,039,11,0.7243483041045182,0.5240613031684282,0.3000067668155366,0.30156313438895654,0.30085261875761266,0.0013533631073216945,0.05487887400189471,1.3533631073216944e-4,0.007714169711733658,0.03349573690621194,29556,8867,8913,8892,40,1622,4,228,990
municipality,Pennsauken,3400757660,Camden,007,12,0.7238568706618205,0.5240613031684282,0.3739547931164698,0.282165398931866,0.21761881642121164,0.0018611425797054539,0.09259858661056265,3.5065005124885367e-4,0.004477531423639208,0.026973080865296435,37074,13864,10461,8068,69,3433,13,166,1000
municipality,Woodbridge,3402382000,Middlesex,023,13,0.7225199253546448,0.5240613031684282,0.21496733855015968,0.3885795887648472,0.0978685629926958,0.001592064763264794,0.264620461409315,2.3157305647487914e-4,0.007304200156311813,0.024836210306930787,103639,22279,40272,10143,165,27425,24,757,2574
municipality,Bergenfield,3400305170,Bergen,003,14,0.7190278096295499,0.5240613031684282,0.322057836940786,0.32760142650330143,0.06687616962677871,0.001059284629780022,0.2550051198757106,0,0.00861551498887751,0.01878464743476572,28321,9121,9278,1894,30,7222,0,244,532
municipality,West Orange,3401379800,Essex,013,15,0.718889751689297,0.5240613031684282,0.19751039043465798,0.39217492782998586,0.2849128841389759,0.0010851094322625555,0.07212906660115062,3.685277317118113e-4,0.008926560612574986,0.04289253321868026,48843,9647,19155,13916,53,3523,18,436,2095
municipality,East Windsor,3402119780,Mercer,021,16,0.7169910713338656,0.5240613031684282,0.25794641371276417,0.3964053919121318,0.08830088201031785,0.0014311865535030787,0.22566150773839241,3.661174904310201e-4,0.0058245964386753205,0.024063904143784322,30045,7750,11910,2653,43,6780,11,175,723
municipality,Harrison,3401730210,Hudson,017,17,0.7143018034509421,0.5240613031684282,0.39892030848329046,0.24113110539845758,0.03712082262210797,9.254498714652956e-4,0.254293059125964,0,0.027197943444730078,0.04041131105398458,19450,7759,4690,722,18,4946,0,529,786
municipality,Hackensack,3400328680,Bergen,003,18,0.7137666793832187,0.5240613031684282,0.41755376928090376,0.24012600477949164,0.20764718661742343,0.001346947642841625,0.10284597001955247,1.5207473386921573e-4,0.009450358461872692,0.02087768846404519,46030,19220,11053,9558,62,4734,7,435,961
municipality,Linden,3403940350,Union,039,19,0.708949329871758,0.5240613031684282,0.3442086972426723,0.31423476153459234,0.2680049384974164,7.544926608441172e-4,0.0339293063240203,1.1431706982486625e-4,0.012369106955050528,0.02638437971557913,43738,15055,13744,11722,33,1484,5,541,1154
municipality,Lindenwold,3400740440,Camden,007,20,0.7053957930406343,0.5240613031684282,0.3292361720807726,0.276327341620073,0.32872787763966543,0.001247631809990296,0.02499884478536112,4.620858555519616e-5,0.005822281779954716,0.03359364169862761,21641,7125,5980,7114,27,541,1,126,727
municipality,Little Ferry,3400340680,Bergen,003,21,0.7035775891395152,0.5240613031684282,0.315645763174661,0.3651588240648039,0.04268681168653864,5.460999362883408e-4,0.2472922544825703,2.730499681441704e-4,0.008282515700373168,0.020114680986620552,10987,3468,4012,469,6,2717,3,91,221
municipality,Long Branch,3402541310,Monmouth,025,22,0.7005807701887073,0.5240613031684282,0.3262702497868443,0.41472195029526004,0.10032525973410807,7.263081441247987e-4,0.018568225597625287,1.894716897716866e-4,0.04869422427132346,0.0905043104809423,31667,10332,13133,3177,23,588,6,1542,2866
municipality,Asbury Park,3402501960,Monmouth,025,23,0.6946265570541428,0.5240613031684282,0.26856728996576246,0.34790624176981827,0.3330919146694759,9.217803529101923e-4,0.01066631551224651,2.633658151171978e-4,0.005201474848564656,0.03338161706610482,15188,4079,5284,5059,14,162,4,79,507
municipality,Ridgefield,3400362910,Bergen,003,24,0.6928616974525286,0.5240613031684282,0.29067037648900096,0.37222850186940265,0.017389792191983305,8.694896095991653e-4,0.28858360142596295,3.4779584383966614e-4,0.009303538822711068,0.020606903747500217,11501,3343,4281,200,10,3319,4,107,237
municipality,Secaucus,3401766570,Hudson,017,25,0.6924913678445944,0.5240613031684282,0.2118930616293224,0.3949325999729498,0.04156710698345431,0.0010369234930796627,0.3231143771696497,1.3525089040169515e-4,0.005500202876335602,0.021820476984806818,22181,4700,8760,922,23,7167,3,122,484
municipality,South Plainfield,3402369390,Middlesex,023,26,0.6912004250058181,0.5240613031684282,0.1871558879119073,0.4761278658887337,0.1025556742542526,0.0020954885364450654,0.18814200016435204,2.0544005259265347e-4,0.01187443503985537,0.031843208151861285,24338,4555,11588,2496,51,4579,5,289,775
municipality,Burlington,3400508950,Burlington,005,27,0.6838588006008628,0.5240613031684282,0.08747863069674353,0.4525705708209982,0.30025434682900387,9.173164324730017e-4,0.1077012884126256,6.671392236167285e-4,0.007255139056831923,0.043155568527707126,23983,2098,10854,7201,22,2583,16,174,1035
municipality,Sayreville,3402365790,Middlesex,023,28,0.6815057327303138,0.5240613031684282,0.17351416914764584,0.4932407101113684,0.12665122946300583,0.0014555077737347006,0.16784651008931525,1.1026574043444702e-4,0.008733046642408204,0.02844856103208733,45345,7868,22366,5743,66,7611,5,396,1290
municipality,Edgewater,3400320020,Bergen,003,29,0.6807244261916803,0.5240613031684282,0.13664899553571427,0.41392299107142855,0.05385044642857143,9.068080357142857e-4,0.35372488839285715,6.975446428571428e-5,0.006068638392857143,0.03480747767857143,14336,1959,5934,772,13,5071,1,87,499
municipality,Bayonne,3401703580,Hudson,017,30,0.6766110209846872,0.5240613031684282,0.30830287643333426,0.4561141645509583,0.09926624445498423,0.0011159780152330998,0.0978015233099908,2.3714532823703374e-4,0.008899924671483973,0.028262143235778255,71686,22101,32697,7116,80,7011,17,638,2026
municipality,Weehawken,3401777930,Hudson,017,31,0.673932381545376,0.5240613031684282,0.3294179217305344,0.4382741175786474,0.03983252892946444,8.722451590393673e-4,0.15084026283654126,4.070477408850381e-4,0.0076757573995464325,0.03268011862534163,17197,5665,7537,685,15,2594,7,132,562
municipality,Roselle Park,3403964650,Union,039,32,0.6721646743457403,0.5240613031684282,0.3789647025130665,0.40989475191522873,0.084914441182788,5.011813560535548e-4,0.09100021479200973,7.159733657907926e-5,0.009737237774754779,0.02491587312951958,13967,5293,5725,1186,7,1271,1,136,348
municipality,Somerville,3403568460,Somerset,035,33,0.6702800763629198,0.5240613031684282,0.25214644419245097,0.49190021059452455,0.09727847075976025,0.0017819536692046008,0.11606998218046331,1.6199578810950914e-4,0.005993844160051839,0.03466709865543496,12346,3113,6073,1201,22,1433,2,74,428
municipality,Cliffside Park,3400313570,Bergen,003,34,0.6656886616931865,0.5240613031684282,0.3484995913283774,0.4353325808585996,0.025532246137080137,8.951854590744561e-4,0.14727746857120616,1.946055345814035e-4,0.013778071848363367,0.02849025026271747,25693,8954,11185,656,23,3784,5,354,732
municipality,Neptune,3402549890,Monmouth,025,35,0.6639098793920097,0.5240613031684282,0.14439970065215066,0.4475250347457325,0.33566159438366416,0.001140372759345711,0.027440219521756175,1.4254659491821388e-4,0.004775310929760165,0.03891522041267239,28061,4052,12558,9419,32,770,4,134,1092
municipality,Ewing,3402122185,Mercer,021,36,0.663382004447719,0.5240613031684282,0.13063546586517819,0.4719568484328038,0.3049592099613568,0.001395448690425075,0.05200729927007299,4.2936882782310007e-4,0.005957492486045513,0.032658866466294546,37264,4868,17587,11364,52,1938,16,222,1217
municipality,Hillside,3403931980,Union,039,37,0.6603029957233233,0.5240613031684282,0.2310741004631279,0.16864089775561097,0.5044086213038832,0.0011132882080513004,0.022176701104381902,0,0.023913430708941932,0.04867296045600285,22456,5189,3787,11327,25,498,0,537,1093
municipality,Lodi,3400341100,Bergen,003,38,0.6576580132931242,0.5240613031684282,0.41356941158513316,0.3973517515072884,0.0770815843699916,4.5791040219796993e-4,0.08372128520186217,0,0.007746317637182325,0.02007173929634435,26206,10838,10413,2020,12,2194,0,203,526
municipality,Winslow,3400781740,Camden,007,39,0.656435042003643,0.5240613031684282,0.11576916330468338,0.4392462475254968,0.36695316611120854,0.0022301851805447666,0.030445786453504396,1.7540782318891423e-4,0.005011652091111835,0.04016839151026136,39907,4620,17529,14644,89,1215,7,200,1603
municipality,Belleville,3401304695,Essex,013,40,0.6560982076841314,0.5240613031684282,0.5018314059965465,0.2697399403484904,0.08089581916173931,0.0013081471403903512,0.1099105227355973,4.709329705405264e-4,0.01352624143163623,0.02231699021505939,38222,19181,10310,3092,50,4201,18,517,853
municipality,North Plainfield,3403553280,Somerset,035,41,0.6557032154163018,0.5240613031684282,0.5063135741844966,0.21913363732023852,0.19247632409680815,7.453525078919678e-4,0.04665029814100315,3.5075412136092597e-4,0.009733426867765696,0.024596632760434934,22808,11548,4998,4390,17,1064,8,222,561
municipality,East Rutherford,3400319510,Bergen,003,42,0.654630596961281,0.5240613031684282,0.25503891438834564,0.5016962682099382,0.04549990021951706,0.0027938535222510478,0.16084613849531032,1.9956096587507485e-4,0.009878267810816204,0.02404709638794652,10022,2556,5028,456,28,1612,2,99,241
municipality,Fort Lee,3400324420,Bergen,003,43,0.654326808667038,0.5240613031684282,0.13376128984100918,0.3853599064467169,0.029658381229628522,5.225050384414421e-4,0.42171132840685727,2.2393073076061804e-4,0.00587196138438954,0.022890696922196512,40191,5376,15488,1192,21,16949,9,236,920
municipality,Ridgefield Park,3400362940,Bergen,003,44,0.6510109417184615,0.5240613031684282,0.4680127041742287,0.3385511191772535,0.04907743496672716,6.049606775559589e-4,0.1104053236539625,7.562008469449486e-5,0.007032667876588022,0.026240169388989716,13224,6189,4477,649,8,1460,1,93,347
municipality,Maywood,3400344880,Bergen,003,45,0.650200676335349,0.5240613031684282,0.2546626984126984,0.5102182539682539,0.06001984126984127,0.0031746031746031746,0.14305555555555555,9.92063492063492e-5,0.00625,0.02251984126984127,10080,2567,5143,605,32,1442,1,63,227
municipality,Morristown,3402748300,Morris,027,46,0.6465435952542087,0.5240613031684282,0.36506442021803764,0.4557978196233895,0.09717542120911794,0.0013875123885034688,0.04762140733399405,5.450941526263627e-4,0.006342913776015857,0.026065411298315164,20180,7367,9198,1961,28,961,11,128,526
municipality,Elmwood Park,3400321300,Bergen,003,47,0.6462810441279234,0.5240613031684282,0.27532443282606667,0.5101297731304266,0.06974138735879003,0.0011670245541966202,0.11049388479133601,0,0.011110073755951825,0.02203342358323219,21422,5898,10928,1494,25,2367,0,238,472
municipality,New Milford,3400351660,Bergen,003,48,0.6458723894050715,0.5240613031684282,0.195237251078414,0.5217750989777227,0.047036577438988356,3.545470661230278e-4,0.20209182769012587,0,0.008213673698516812,0.025291024050109318,16923,3304,8830,796,6,3420,0,139,428
municipality,Vineland,3401176070,Cumberland,011,49,0.6453473799691432,0.5240613031684282,0.4329549193813754,0.3887133925633432,0.12179993418887793,0.002550180980585719,0.020960842382362618,1.3162224415926292e-4,0.0045574202040144784,0.028331688055281343,60780,26315,23626,7403,155,1274,8,277,1722
municipality,Highland Park,3402331470,Middlesex,023,50,0.6417977853507693,0.5240613031684282,0.14934978768577495,0.5448513800424628,0.0834660297239915,7.961783439490446e-4,0.17535828025477707,3.317409766454352e-4,0.011411889596602972,0.03443471337579618,15072,2251,8212,1258,12,2643,5,172,519
municipality,Parsippany-Troy Hills,3402756460,Morris,027,51,0.6412526780529733,0.5240613031684282,0.10026352337879706,0.4444286172144867,0.034026566005484135,0.0013710337950927673,0.3862754175421103,1.0683380221502084e-4,0.005644385883693601,0.027883622378120438,56162,5631,24960,1911,77,21694,6,317,1566
municipality,South Brunswick,3402368790,Middlesex,023,52,0.6406103496957869,0.5240613031684282,0.07461258848287737,0.34219756393087175,0.07238058797270583,0.0018068575558531556,0.48049656697064386,1.4880003401143634e-4,0.004123886656888379,0.024233148396148204,47043,3510,16098,3405,85,22604,7,194,1140
municipality,Eatontown,3402519840,Monmouth,025,53,0.6402210114216204,0.5240613031684282,0.14745899830845038,0.5568875487239833,0.12090902404942266,0.0013973670662646171,0.09678605574759137,1.470912701331176e-4,0.01581231153931014,0.06060160329484445,13597,2005,7572,1644,19,1316,2,215,824
municipality,Clifton,3403113690,Passaic,031,54,0.6396722706045099,0.5240613031684282,0.40044963232036856,0.4346814919819261,0.04318020731815363,9.85647204748826e-4,0.09318242225569238,1.5504562771329847e-4,0.00672233543014087,0.02064321786125631,90296,36159,39250,3899,89,8414,14,607,1864
municipality,Roselle,3403964620,Union,039,55,0.6388531228775352,0.5240613031684282,0.3480942938973342,0.10901079532936771,0.47587574355584933,0.0016303150473672616,0.02555628993170302,3.0843798193434677e-4,0.009781890284203568,0.029742233972240583,22695,7900,2474,10800,37,580,7,222,675
municipality,Millville,3401146680,Cumberland,011,56,0.6384424030091305,0.5240613031684282,0.18969844676439562,0.5281364810301553,0.2090866101633262,0.004801571423374923,0.01134916881888618,0,0.0044378160125131865,0.052489905787348586,27491,5215,14519,5748,132,312,0,122,1443
municipality,Pine Hill,3400758770,Camden,007,57,0.6353630546841778,0.5240613031684282,0.1175649259983245,0.5233175090756772,0.2707809736572652,0.0014893418970492415,0.026901238015451922,0,0.006422786931024853,0.053523224425207114,10743,1263,5622,2909,16,289,0,69,575
municipality,Maplewood,3401343800,Essex,013,58,0.634472142598987,0.5240613031684282,0.08495561439028189,0.512770596480299,0.30135492913876344,0.001168042361002959,0.0370269428437938,1.557389814670612e-4,0.00646316773088304,0.0561049680735088,25684,2182,13170,7740,30,951,4,166,1441
municipality,Newark,3401351000,Essex,013,59,0.6333883742810544,0.5240613031684282,0.3639042333629702,0.07997457863771028,0.47474073099255654,0.0018359872764797834,0.015634779761771023,2.0221538185004605e-4,0.02368487782018238,0.04002259676647975,311549,113374,24916,147905,572,4871,63,7379,12469
municipality,Lawrence,3402139510,Mercer,021,60,0.6332999255674997,0.5240613031684282,0.11146718263445898,0.5553708014632525,0.1135229918069958,8.162771714484385e-4,0.1778577259122653,2.4185990265138918e-4,0.004746500589533513,0.03597666051939414,33077,3687,18370,3755,27,5883,8,157,1190
municipality,Kearny,3401736510,Hudson,017,61,0.6304122528338014,0.5240613031684282,0.4872735065120598,0.354508440677159,0.029667373032691253,8.809733565084883e-4,0.04842972451725041,5.476320864782495e-4,0.030595966570632634,0.048096383247220174,41999,20465,14889,1246,37,2034,23,1285,2020
municipality,Montclair,3401347500,Essex,013,62,0.6293624127656621,0.5240613031684282,0.10517827032574961,0.5521126072187874,0.22013147283790718,8.797438967767161e-4,0.04997434080301068,2.688106351262188e-4,0.010850174726912833,0.06060457955572933,40921,4304,22593,9008,36,2045,11,444,2480
municipality,Edison,3402320230,Middlesex,023,63,0.6276145457693457,0.5240613031684282,0.10011339554597166,0.26307766665427373,0.07216418187901996,0.0020355429973603002,0.5361843328252222,2.5095735583894116e-4,0.005846376919359036,0.02032754582295423,107588,10771,28304,7764,219,57687,27,629,2187
municipality,Hamilton,3400129280,Atlantic,001,64,0.6274698748530019,0.5240613031684282,0.1477223111628584,0.5596346965507204,0.17792169989812254,0.0017464706738466017,0.06036239266482317,2.5469363993596274e-4,0.005639644884296318,0.04671809052539659,27484,4060,15381,4890,48,1659,7,155,1284
municipality,Egg Harbor,3400120290,Atlantic,001,65,0.6265146440142513,0.5240613031684282,0.1742402073491911,0.5636888089962794,0.08956565360979891,0.001693073032063877,0.1255173278709084,2.717277705781531e-4,0.005371849002968103,0.03965135236821203,47842,8336,26968,4285,81,6005,13,257,1897
municipality,South River,3402369420,Middlesex,023,66,0.6238396759375471,0.5240613031684282,0.2604541506390371,0.5462216155850602,0.06204243702692642,2.481697481077057e-4,0.05124705298424122,1.2408487405385284e-4,0.0272366298548207,0.05242585928775282,16118,4198,8804,1000,4,826,2,439,845
municipality,South Orange Village,3401369274,Essex,013,67,0.6189956141437426,0.5240613031684282,0.08677775373295823,0.5685998701579744,0.20574550962995022,5.951092837048258e-4,0.06643583639904782,1.0820168794633196e-4,0.015256438000432807,0.05648128110798528,18484,1604,10510,3803,11,1228,2,282,1044
municipality,New Brunswick,3402351210,Middlesex,023,68,0.6188085728067102,0.5240613031684282,0.5677269930879745,0.1867694423334419,0.11359606267868129,6.15206456048927e-4,0.10353562769152824,5.428292259255238e-4,0.013570730648138097,0.0136431078782615,55266,31376,10322,6278,34,5722,30,750,754
municipality,Dumont,3400318400,Bergen,003,69,0.617687598322198,0.5240613031684282,0.21737670044225493,0.551251189609808,0.02815876392543246,6.717796562727426e-4,0.17247942674802666,1.119632760454571e-4,0.005206292336113754,0.02474388400604602,17863,3883,9847,503,12,3081,2,93,442
municipality,Pleasantville,3400159640,Atlantic,001,70,0.6174481846429102,0.5240613031684282,0.500072713170779,0.1005865529109506,0.3483445634785981,0.0014057879683940084,0.020989868631538126,1.9390178874400117e-4,0.00494449561297203,0.02346211643802414,20629,10316,2075,7186,29,433,4,102,484
municipality,Bound Brook,3403506790,Somerset,035,71,0.6158754405612376,0.5240613031684282,0.5316983650316983,0.3038038038038038,0.08141474808141475,0.0012512512512512512,0.04029029029029029,3.33667000333667e-4,0.017267267267267267,0.02394060727394061,11988,6374,3642,976,15,483,4,207,287
municipality,Pemberton,3400557510,Burlington,005,72,0.6139370890789084,0.5240613031684282,0.13957551202468127,0.5765156302271122,0.1634390216704457,0.0023789168494219976,0.028138125859569565,0.0019700405159275916,0.006393339032821618,0.08158941382002007,26903,3755,15510,4397,64,757,53,172,2195
municipality,Princeton,3402160900,Mercer,021,73,0.6131314367193584,0.5240613031684282,0.09823669371923992,0.5686255337179362,0.05677781037123953,5.540888497767348e-4,0.21941918451158698,2.933411557641537e-4,0.006355725041556664,0.04973762263289984,30681,3014,17446,1742,17,6732,9,195,1526
municipality,East Brunswick,3402319000,Middlesex,023,74,0.6110778560393053,0.5240613031684282,0.09570552147239264,0.546816856079654,0.042502262898521576,8.247007945288142e-4,0.2794729960776426,1.408025746756512e-4,0.0061953132857286534,0.028341546816856078,49715,4758,27185,2113,41,13894,7,308,1409
municipality,Trenton,3402174000,Mercer,021,75,0.6096674157846063,0.5240613031684282,0.45014361017266236,0.09364923903115405,0.4224229952350035,0.001584663974205192,0.006514729671732456,2.64110662367532e-4,0.00484202881007142,0.020578622442803535,90871,40905,8510,38386,144,592,24,440,1870
municipality,Montgomery,3403547580,Somerset,035,76,0.6077752544875317,0.5240613031684282,0.0554664415365133,0.48083579569438584,0.030434782608695653,6.331785563528915e-4,0.39476572393414944,2.1105951878429716e-4,0.003503588011819333,0.03414943013929928,23690,1314,11391,721,15,9352,5,83,809
municipality,Freehold,3402525200,Monmouth,025,77,0.604798604776175,0.5240613031684282,0.5303078640931568,0.3238156005742543,0.08853086616685277,7.975753708725474e-4,0.026319987238794067,2.3927261126176425e-4,0.006699633115329399,0.023289200829478385,12538,6649,4060,1110,10,330,3,84,292
municipality,Red Bank,3402562430,Monmouth,025,78,0.6012922449859237,0.5240613031684282,0.3780148423005566,0.4992269635126778,0.07467532467532467,3.0921459492888067e-4,0.017857142857142856,7.730364873222017e-5,0.003865182436611008,0.025974025974025976,12936,4890,6458,966,4,231,1,50,336
municipality,River Edge,3400363360,Bergen,003,79,0.6007744499128351,0.5240613031684282,0.11112955431986057,0.551830027388165,0.023487426342435058,6.639555149804963e-4,0.28500290480537804,0,0.004149721968628102,0.023736409660552744,12049,1339,6649,283,8,3434,0,50,286
municipality,Middlesex,3402345900,Middlesex,023,80,0.5994245639152629,0.5240613031684282,0.2562858704564089,0.5692128996993714,0.061628860344356384,9.565455042361301e-4,0.07918830281497677,0,0.004441104126810604,0.028286417053839847,14636,3751,8331,902,14,1159,0,65,414
municipality,West Windsor,3402180240,Mercer,021,81,0.5990998286396326,0.5240613031684282,0.05105359441696592,0.34636492987329764,0.04085642658716715,0.0011179619215393997,0.5250694491496714,4.06531607832509e-4,0.0045396029541296835,0.0305915034893963,29518,1507,10224,1206,33,15499,12,134,903
municipality,Plainsboro,3402359280,Middlesex,023,82,0.5962764479776685,0.5240613031684282,0.0601644245142003,0.27802690582959644,0.06556219897027071,0.0020345457565188506,0.5637767812655705,2.9064939378840724e-4,0.004982561036372696,0.025161933233682113,24084,1449,6696,1579,49,13578,7,120,606
municipality,Galloway,3400125560,Atlantic,001,83,0.5915087240426056,0.5240613031684282,0.13236188612381986,0.6047920027503768,0.1154629360272922,0.00105783725173882,0.10115568719752466,2.11567450347764e-4,0.004839605426705101,0.040118477772194745,37813,5005,22869,4366,40,3825,8,183,1517
municipality,Garfield,3400325770,Bergen,003,84,0.5907631227964971,0.5240613031684282,0.39139488592864796,0.5021589343132752,0.05156943806461491,0.0014699127239320166,0.030163834022354924,9.186954524575104e-5,0.006890215893431328,0.016260909508497932,32655,12781,16398,1684,48,985,3,225,531
municipality,Lumberton,3400542060,Burlington,005,85,0.5895434799490271,0.5240613031684282,0.08701085683043037,0.5959540732640787,0.20463953760837303,0.001327813793642115,0.05264391158322268,3.9053346871826915e-4,0.00265562758728423,0.05537764586425056,12803,1114,7630,2620,17,674,5,34,709
municipality,Rutherford,3400365280,Bergen,003,86,0.5882153280548198,0.5240613031684282,0.1802591058723585,0.5968992248062015,0.03350323882340448,0.0014335775724753105,0.14272061165976427,3.1857279388340236e-4,0.006583837740256982,0.03828183073165552,18834,3395,11242,631,27,2688,6,124,721
municipality,Old Bridge,3402354705,Middlesex,023,87,0.5873031581426461,0.5240613031684282,0.1387044679705724,0.6040133979304982,0.06984568455051139,0.001061666367605718,0.15130988695496142,2.5420180632812966e-4,0.006325139063341109,0.02848555535618159,66876,9276,40394,4671,71,10119,17,423,1905
municipality,Hillsborough,3403531890,Somerset,035,88,0.5850359133931645,0.5240613031684282,0.09397818652370829,0.5921295868379702,0.047139291986320365,6.9322488215177e-4,0.22851002865329512,2.0796746464553102e-4,0.004921896663277568,0.03241981698863111,43276,4067,25625,2040,30,9889,9,213,1403
municipality,Hamilton,3402129310,Mercer,021,89,0.5842001693563652,0.5240613031684282,0.19804544026349719,0.598058441769505,0.12702471369600313,7.259174187676739e-4,0.04464933854838186,1.516842367574244e-4,0.003770436742255978,0.027574027324831794,92297,18279,55199,11724,67,4121,14,348,2545
municipality,North Arlington,3400352320,Bergen,003,90,0.5816995707193553,0.5240613031684282,0.31044540317190256,0.5617670292276843,0.015616455003949687,4.253509145044662e-4,0.07127666038767698,1.2152883271556177e-4,0.010086893115391626,0.03026067934617488,16457,5109,9245,257,7,1173,2,166,498
municipality,Paramus,3400355950,Bergen,003,91,0.5801939968271195,0.5240613031684282,0.10525132968761705,0.5826653681923739,0.017192299048617875,1.1236796763802532e-4,0.26091842085549477,0,0.0050565585437111395,0.028803655704547158,26698,2810,15556,459,3,6966,0,135,769
municipality,Tenafly,3400372420,Bergen,003,92,0.579604127121048,0.5240613031684282,0.07378804594717372,0.5658381465377377,0.015575313128691025,5.191771042897008e-4,0.30573041728859757,7.787656564345512e-4,0.005646051009150496,0.03212408332792524,15409,1137,8719,240,8,4711,12,87,495
municipality,Palisades Park,3400355770,Bergen,003,93,0.5778676998844662,0.5240613031684282,0.23960181352257048,0.14306130494776267,0.012911492213680268,4.928050463236743e-4,0.5864380051251725,2.9568302779420464e-4,0.004583086930810171,0.012615809185886064,20292,4862,2903,262,10,11900,6,93,256
municipality,Wood-Ridge,3400382570,Bergen,003,94,0.5765154504721636,0.5240613031684282,0.1714511196606491,0.6058005327019829,0.03324454966952747,3.945940613593765e-4,0.15951464930452797,0,0.007497287165828154,0.022097267436125088,10137,1738,6141,337,4,1617,0,76,224
municipality,Plainfield,3403959190,Union,039,95,0.5760404767865455,0.5240613031684282,0.5457809694793537,0.061975598138716885,0.3486974682152933,0.0019052504305133184,0.009159857839006339,1.4655772542410142e-4,0.011614699739860037,0.02071959843183234,54586,29792,3383,19034,104,500,8,634,1131
municipality,Millburn,3401346380,Essex,013,96,0.5752805935448665,0.5240613031684282,0.04481805619530171,0.5595117457392906,0.02109626900046062,6.909258406264394e-4,0.3280976508521419,9.212344541685859e-5,0.006725011515430677,0.038968217411331184,21710,973,12147,458,15,7123,2,146,846
municipality,Metuchen,3402345690,Middlesex,023,97,0.5720641430387803,0.5240613031684282,0.10033889294969765,0.6152568276961924,0.04285999069705628,0.0010631935676789156,0.18772011429330854,1.3289919595986445e-4,0.005515316632334374,0.04711276496777195,15049,1510,9259,645,16,2825,2,83,709
municipality,Bridgewater,3403507720,Somerset,035,98,0.5717176645271715,0.5240613031684282,0.09824477456119364,0.5991473997868499,0.027579006894751724,9.135002283750571e-4,0.24099006024751507,1.9575004893751223e-4,0.004785001196250299,0.02814450703612676,45977,4517,27547,1268,42,11080,9,220,1294
municipality,Manville,3403543620,Somerset,035,99,0.5698501842267228,0.5240613031684282,0.316260385282571,0.571076417419885,0.04692778234273715,0.0012781886241212453,0.030767826166347118,6.390943120606227e-4,0.004199762622112664,0.02885054323016525,10953,3464,6255,514,14,337,7,46,316
municipality,Camden,3400710000,Camden,007,100,0.5687767504522326,0.5240613031684282,0.5280884790572634,0.04070148068699419,0.38723516875374353,0.0017550946497471827,0.017119137496343553,1.5322254878745247e-4,0.004387736624367957,0.020559680182752713,71791,37912,2922,27800,126,1229,11,315,1476
municipality,Voorhees,3400776220,Camden,007,101,0.5683663815063201,0.5240613031684282,0.058579291254948665,0.6173677942643793,0.0927612732949242,7.081013228620168e-4,0.1933760339888635,3.540506614310084e-4,0.004634845022369565,0.032218610190221764,31069,1820,19181,2882,22,6008,11,144,1001
municipality,Lyndhurst,3400342090,Bergen,003,102,0.567045245652609,0.5240613031684282,0.2700386340423642,0.5945201829566145,0.03055197832941072,3.996625072161286e-4,0.07047382210577734,0,0.009902748789910742,0.024112971268706426,22519,6081,13388,688,9,1587,0,223,543
municipality,Glassboro,3401526340,Gloucester,015,103,0.5634958436976754,0.5240613031684282,0.10924877964490906,0.6250809970193096,0.17335522052788457,0.0012959523089550304,0.043543997580889025,2.1599205149250509e-4,0.003931055337163592,0.043328005529396516,23149,2529,14470,4013,30,1008,5,91,1003
municipality,Bridgeton,3401107600,Cumberland,011,104,0.5630443227914307,0.5240613031684282,0.6004108131900378,0.11601804643656237,0.2500091699372776,0.005612001613908961,0.004254850896819866,1.4671899644206433e-4,0.00253090268862561,0.021017496240325718,27263,16369,3163,6816,153,116,4,69,573
municipality,Maple Shade,3400543740,Burlington,005,105,0.5618566113661208,0.5240613031684282,0.12802802802802804,0.6333833833833834,0.11801801801801802,0.0011011011011011012,0.06521521521521521,7.507507507507507e-4,0.004804804804804805,0.0486986986986987,19980,2558,12655,2358,22,1303,15,96,973
municipality,Hasbrouck Heights,3400330420,Bergen,003,106,0.5615513997236687,0.5240613031684282,0.2103917525773196,0.6157525773195877,0.027463917525773197,5.77319587628866e-4,0.1171958762886598,8.247422680412371e-5,0.006020618556701031,0.022515463917525774,12125,2551,7466,333,7,1421,1,73,273
municipality,Gloucester,3400726760,Camden,007,107,0.5607628613490353,0.5240613031684282,0.0890298936911288,0.6260865614683345,0.18776690795650725,0.001544658812127086,0.04855074658509253,9.086228306629919e-5,0.006012054396220129,0.0409183148075234,66034,5879,41343,12399,102,3206,6,397,2702
municipality,Woodland Park,3403182423,Passaic,031,108,0.5565917759105554,0.5240613031684282,0.28300207653515275,0.5988579056659745,0.03893503411450608,5.932957579353308e-4,0.05094927321269653,7.416196974191635e-5,0.003930584396321567,0.023657668347671315,13484,3816,8075,525,8,687,1,53,319
municipality,Nutley,3401353680,Essex,013,109,0.5553667385431811,0.5240613031684282,0.19434031118335932,0.6258169392562121,0.0307865839498391,0.0012606575324287563,0.11671034734432538,4.312775768835219e-4,0.005905185283482069,0.024748697873469793,30143,5858,18864,928,38,3518,13,178,746
municipality,Paterson,3403157000,Passaic,031,110,0.5553234413585961,0.5240613031684282,0.6189304585180176,0.07840007011744672,0.2295532516965918,0.0011644504545113064,0.05002754613978414,1.0642826734780758e-4,0.007888212756366914,0.013929582049933638,159732,98863,12523,36667,186,7991,17,1260,2225
municipality,Mount Olive,3402749080,Morris,027,111,0.5542548105970861,0.5240613031684282,0.1544000553901544,0.636952156754137,0.06255625562556255,4.154261580004154e-4,0.10472201066260473,1.0385653950010386e-4,0.004881257356504881,0.03596898151353597,28886,4460,18399,1807,12,3025,3,141,1039
municipality,Robbinsville,3402163850,Mercer,021,112,0.5541192322001213,0.5240613031684282,0.05104678211424141,0.6032566554665288,0.03030498836908762,0.0013569397777203412,0.2783018867924528,0,0.0047169811320754715,0.031015766347893513,15476,790,9336,469,21,4307,0,73,480
municipality,Livingston,3401340890,Essex,013,113,0.5525635011459715,0.5240613031684282,0.05052665177146505,0.6004468560485158,0.03041812958825407,3.830194701563996e-4,0.2877114586658155,1.2767315671879988e-4,0.005649537184806894,0.024736674114267474,31330,1583,18812,953,12,9014,4,177,775
municipality,Phillipsburg,3404158350,Warren,041,114,0.5498397186200621,0.5240613031684282,0.16735523640894484,0.6351891927339498,0.12505738081185652,3.934684241589612e-4,0.014361597481802085,6.55780706931602e-5,0.004459308807134894,0.05311823726145977,15249,2552,9686,1907,6,219,1,68,810
municipality,Springfield,3403970020,Union,039,115,0.5454445593813313,0.5240613031684282,0.1301082780300384,0.6485039003376412,0.08755384794504599,4.0749796251018743e-4,0.08970776574688555,5.821399464431249e-5,0.007626033298404936,0.03603446268482943,17178,2235,11140,1504,7,1541,1,131,619
municipality,Scotch Plains,3403966060,Union,039,116,0.5418875667422709,0.5240613031684282,0.10329221403396348,0.6527154758090356,0.09472124319128485,5.607177186799103e-4,0.10453380326818328,0,0.005807433514899071,0.03836911246395386,24968,2579,16297,2365,14,2610,0,145,958
municipality,Monroe,3402347280,Middlesex,023,117,0.5390834171797558,0.5240613031684282,0.05650903403712392,0.6211672222908178,0.03405770259702844,8.64304235090752e-4,0.2653002428283327,8.231468905626209e-5,0.004403835864510022,0.017615343458040087,48594,2746,30185,1655,42,12892,4,214,856
municipality,Florence,3400523850,Burlington,005,118,0.5326034395049366,0.5240613031684282,0.07001248829222603,0.660006244146113,0.12581954417733374,0.001326881049016547,0.09600374648766781,3.1220730565095225e-4,0.0038245394942241647,0.04269434904776772,12812,897,8456,1612,17,1230,4,49,547
municipality,Cherry Hill,3400712280,Camden,007,119,0.5317739495279588,0.5240613031684282,0.08635467385618285,0.6588333132134186,0.07071479350260888,6.438372701299747e-4,0.14309283328638686,2.5485225275978166e-4,0.005445790243182702,0.0346599063753303,74553,6438,49118,5272,48,10668,19,406,2584
municipality,Summit,3403971430,Union,039,120,0.527533310033651,0.5240613031684282,0.14582508032923985,0.6609445838285136,0.03939433953959241,3.521281746555746e-4,0.10436198776354592,2.2008010915973414e-4,0.0055460187508253,0.04335578150446762,22719,3313,15016,895,8,2371,5,126,985
municipality,Aberdeen,3402500070,Monmouth,025,121,0.5271226224229759,0.5240613031684282,0.1366858088881991,0.6632521082311552,0.0974183868798179,0.0012933933467846241,0.057737079000465624,1.552072016141549e-4,0.005587459258109577,0.03787055719385379,19329,2642,12820,1883,25,1116,3,108,732
municipality,Elizabeth,3403921000,Union,039,122,0.5260727493476389,0.5240613031684282,0.6572054946175472,0.12056257192384448,0.16213637489256943,0.001107080948010896,0.02008040903727658,1.3110169121181663e-4,0.015622951536074816,0.023154015353464726,137298,90233,16553,22261,152,2757,18,2145,3179
municipality,Mount Laurel,3400549020,Burlington,005,123,0.5220498569892177,0.5240613031684282,0.06636345305043354,0.6699303206147917,0.10734210113593082,0.0011874621916519168,0.1065131180964757,3.136692581722044e-4,0.005444402123988977,0.0429054735285551,44633,2962,29901,4791,53,4754,14,243,1915
municipality,Guttenberg,3401728650,Hudson,017,124,0.521568716876079,0.5240613031684282,0.6547391195805942,0.20188066905217608,0.02854289756178747,5.825081135058667e-4,0.08854123325289173,2.4964633435965716e-4,0.01015228426395939,0.01531164184072564,12017,7868,2426,343,7,1064,3,122,184
municipality,City of Orange,3401313045,Essex,013,125,0.5196181507834736,0.5240613031684282,0.2898075304090342,0.031149301825993556,0.6278340639242895,0.0012773245855952622,0.007605887305135425,2.03210729526519e-4,0.008796121578076466,0.03332655964234912,34447,9983,1073,21627,44,262,7,303,1148
municipality,Bernards,3403505560,Somerset,035,126,0.5170396466715876,0.5240613031684282,0.05731225296442688,0.6482213438735178,0.01606180380883938,2.515271289974847e-4,0.24103485447358966,2.1559468199784405e-4,0.0034854473589651454,0.033417175709665826,27830,1595,18040,447,7,6708,6,97,930
municipality,Bordentown,3400506700,Burlington,005,127,0.515028571900009,0.5240613031684282,0.08743957255533882,0.675769654821474,0.10058519209566619,0.0012721567297091002,0.09651429056059707,8.481044864727334e-5,0.003477228394538207,0.03485709439402934,11791,1031,7968,1186,15,1138,1,41,411
municipality,Randolph,3402761890,Morris,027,128,0.514622942972051,0.5240613031684282,0.14303501358285542,0.6697102324177483,0.027920313914880774,5.659523090854211e-4,0.1201705402958044,3.773015393902807e-5,0.004414428010866284,0.0341457893148204,26504,3791,17750,740,15,3185,1,117,905
municipality,Fair Lawn,3400322470,Bergen,003,129,0.51375551910159,0.5240613031684282,0.15372061728748532,0.667248833280843,0.022446817648237753,6.871474790276863e-4,0.1279239556789876,2.863114495948693e-4,0.005439917542302517,0.022246399633521343,34927,5369,23305,784,24,4468,10,190,777
municipality,Hoboken,3401732250,Hudson,017,130,0.513102500962071,0.5240613031684282,0.1413793674175342,0.6729174597394859,0.03485658484913686,4.7998146278488554e-4,0.10787997153213393,8.275542461808372e-4,0.007232824111620516,0.034426256641122824,60419,8542,40657,2106,29,6518,50,437,2080
municipality,Totowa,3403173140,Passaic,031,131,0.5110737459235765,0.5240613031684282,0.21762313601446,0.659466787166742,0.022322638951649345,0,0.07573429733393583,9.03750564844103e-5,0.004338002711251694,0.02042476276547673,11065,2408,7297,247,0,838,1,48,226
municipality,Warren,3403576940,Somerset,035,132,0.510915636364035,0.5240613031684282,0.07259938453808956,0.6637568297431389,0.017396219305407273,3.7681341455755824e-4,0.20404446398291778,2.5120894303837216e-4,0.005966212397161339,0.03560886767568926,15923,1156,10569,277,6,3249,4,95,567
municipality,Saddle Brook,3400365340,Bergen,003,133,0.5077108460246827,0.5240613031684282,0.192248495872394,0.6683923324471807,0.030922065202182734,4.1975654120610047e-4,0.08528053728837275,1.3991884706870015e-4,0.004337484259129705,0.01825940954246537,14294,2748,9554,442,6,1219,2,62,261
municipality,Hackettstown,3404128710,Warren,041,134,0.5042497010897882,0.5240613031684282,0.2335089773614364,0.6616900858704138,0.033274785323965654,0.0010733801717408276,0.039227166276346606,9.75800156128025e-5,0.004195940671350508,0.026932084309133488,10248,2393,6781,341,11,402,1,43,276
municipality,Montville,3402747670,Morris,027,135,0.5012170138044951,0.5240613031684282,0.07028953229398664,0.6685523385300668,0.01420935412026726,8.017817371937639e-4,0.21429844097995546,2.6726057906458796e-4,0.004498886414253897,0.027082405345211582,22450,1578,15009,319,18,4811,6,101,608
municipality,Deptford,3401517710,Gloucester,015,136,0.49980438834288987,0.5240613031684282,0.08631203677643307,0.6869937767770585,0.12781061387872533,0.0012508990837164211,0.05056759545923633,1.8763486255746317e-4,0.0035337899114988897,0.043343653250773995,31977,2760,21968,4087,40,1617,6,113,1386
municipality,Little Falls,3403140620,Passaic,031,137,0.49816750107569296,0.5240613031684282,0.1694610778443114,0.6823353293413174,0.0624251497005988,2.994011976047904e-4,0.05411676646706587,1.497005988023952e-4,0.005089820359281437,0.026122754491017964,13360,2264,9116,834,4,723,2,68,349
municipality,Fairview,3400322560,Bergen,003,138,0.49774169174503946,0.5240613031684282,0.6667554076539102,0.23381031613976705,0.015973377703826955,0.0017970049916805324,0.04618968386023294,0,0.01584026622296173,0.01963394342762063,15025,10018,3513,240,27,694,0,238,295
municipality,Willingboro,3400581440,Burlington,005,139,0.4967244534918108,0.5240613031684282,0.11806579071153062,0.1153375772209853,0.6880115400294773,0.0025400608360249617,0.01887798300354354,7.526106180814701e-4,0.009250838847251404,0.04716359873310546,31889,3765,3678,21940,81,602,24,295,1504
municipality,Ridgewood,3400363000,Bergen,003,140,0.4921976668535992,0.5240613031684282,0.07964124870087379,0.6846298933754186,0.01358789791754879,2.694484006312791e-4,0.1753724161823011,0,0.004272681781438854,0.0422264136417876,25979,2069,17786,353,7,4556,0,111,1097
municipality,Hawthorne,3403130570,Passaic,031,141,0.4915072651737452,0.5240613031684282,0.24331618882721393,0.6685848143810155,0.03009624688088812,6.110913072261547e-4,0.027091714620359527,1.0184855120435912e-4,0.005397973213831033,0.024800122218261444,19637,4778,13129,591,12,532,2,106,487
municipality,Ocean,3402554270,Monmouth,025,142,0.4902846135220822,0.5240613031684282,0.10866579936397802,0.6963717837525296,0.09059699335067939,8.311650766117375e-4,0.05912113327551315,1.806880601329864e-4,0.010046256143394045,0.03418618097716103,27672,3007,19270,2507,23,1636,5,278,946
municipality,New Providence,3403951810,Union,039,143,0.4875276040199117,0.5240613031684282,0.09164835164835165,0.6907692307692308,0.017655677655677656,5.128205128205128e-4,0.15904761904761905,1.4652014652014652e-4,0.004395604395604396,0.035824175824175825,13650,1251,9429,241,7,2171,2,60,489
municipality,Westwood,3400380270,Bergen,003,144,0.48378258288951825,0.5240613031684282,0.14633930154227973,0.6967736216982805,0.039709271405779116,5.318205991845417e-4,0.08225491934054245,5.318205991845417e-4,0.0029250132955149794,0.03093423151923418,11282,1651,7861,448,6,928,6,33,349
municipality,Delran,3400517440,Burlington,005,145,0.4806416708742236,0.5240613031684282,0.06408679118666816,0.7068001342131752,0.09204786936584275,0.0010625209708086344,0.036796778883793756,2.796107817917459e-4,0.027513700928307797,0.0714125936696119,17882,1146,12639,1646,19,658,5,492,1277
municipality,Marlboro,3402544070,Monmouth,025,146,0.47956203732533365,0.5240613031684282,0.05597320611054889,0.6850995132764686,0.017541323309720015,8.915233000819238e-4,0.21733892342537708,9.638089730615392e-5,0.0033733314057153873,0.019685798274781938,41502,2323,28433,728,37,9020,4,140,817
municipality,Berkeley Heights,3403905320,Union,039,147,0.47911486817545745,0.5240613031684282,0.08581106511102747,0.6983816334211517,0.018216033120060218,3.763643206624012e-4,0.1554384644335717,7.527286413248025e-5,0.00632292058712834,0.035378246142265715,13285,1140,9278,242,5,2065,1,84,470
municipality,Holmdel,3402532640,Monmouth,025,148,0.478565933412604,0.5240613031684282,0.05683908045977012,0.6893103448275862,0.010862068965517242,2.8735632183908046e-4,0.2043103448275862,0,0.004080459770114942,0.03431034482758621,17400,989,11994,189,5,3555,0,71,597
municipality,Monroe,3401547250,Gloucester,015,149,0.4752972186539576,0.5240613031684282,0.07532936390333271,0.70415173640111,0.14257617803162972,9.96847805587736e-4,0.02629522860144947,5.118948190855942e-4,0.0036102055661826117,0.04652854487162217,37117,2796,26136,5292,37,976,19,134,1727
municipality,Rockaway,3402764080,Morris,027,150,0.4739887082299171,0.5240613031684282,0.15764965865593308,0.7025768517422359,0.028846533285979244,3.9461741841284874e-4,0.07568762085158438,3.9461741841284874e-4,0.0032753245728266447,0.03117477605461505,25341,3995,17804,731,10,1918,10,83,790
municipality,Gloucester City,3400726820,Camden,007,151,0.47248691287173616,0.5240613031684282,0.15029606408916754,0.7059386973180076,0.055729710902124696,0.0018286311389759666,0.03718216649251132,5.224660397074191e-4,0.0029606408916753742,0.04554162312783003,11484,1726,8107,640,21,427,6,34,523
municipality,Wallington,3400376490,Bergen,003,152,0.4706290598675079,0.5240613031684282,0.19371418941691945,0.6981799797775531,0.026963262554769128,9.268621503201888e-4,0.05847657566565555,5.055611729019212e-4,0.00766767778901247,0.013565891472868217,11868,2299,8286,320,11,694,6,91,161
municipality,Pompton Lakes,3403160090,Passaic,031,153,0.46843215872911337,0.5240613031684282,0.19538060573380067,0.6995596297294868,0.01527815224229352,8.088433540037746e-4,0.05338366136424912,8.987148377819718e-5,0.005572031994248225,0.029927204098139662,11127,2174,7784,170,9,594,1,62,333
municipality,North Bergen,3401752470,Hudson,017,154,0.4610832951376327,0.5240613031684282,0.7086378055901895,0.1773172771894383,0.022142958602294788,0.0011047805432363757,0.06737583055822982,2.2095610864727514e-4,0.009658938463723742,0.013541452944240149,63361,44900,11235,1403,70,4269,14,612,858
municipality,Collingswood,3400714260,Camden,007,155,0.4577811349640908,0.5240613031684282,0.11546595234738474,0.7201466234315522,0.08853799520654167,0.0026786973072042857,0.02453122797123925,1.4098406880022558e-4,0.006203299027209925,0.042295220640067674,14186,1638,10216,1256,38,348,2,88,600
municipality,Hammonton,3400129430,Atlantic,001,156,0.45470116444341757,0.5240613031684282,0.2390728026646727,0.6977091971993746,0.026986608660186255,6.797634423220719e-4,0.010672286044456528,3.3988172116103594e-4,0.002243219359662837,0.02229624090816396,14711,3517,10264,397,10,157,5,33,328
municipality,Somers Point,3400168430,Atlantic,001,157,0.4500463462756159,0.5240613031684282,0.13124462699398223,0.7245200114624128,0.07593848505110326,0.0012417613907727578,0.027700831024930747,1.9104021396503963e-4,0.0038208042793007927,0.03534243958353234,10469,1374,7585,795,13,290,2,40,370
municipality,Wayne,3403177840,Passaic,031,158,0.4438422548047888,0.5240613031684282,0.11741857835807287,0.7293664976840877,0.02988803384514388,4.7412378277836536e-4,0.09422298406214669,0,0.003975345563295525,0.024654436704474997,54838,6439,39997,1639,26,5167,0,218,1352
municipality,Bellmawr,3400704750,Camden,007,159,0.44235409981079765,0.5240613031684282,0.10446741265909285,0.7332365251558897,0.04262407106859144,3.4167592038951053e-4,0.07644998718715298,0,0.005381395746134791,0.03749893226274878,11707,1223,8584,499,4,895,0,63,439
municipality,Tinton Falls,3402573020,Monmouth,025,160,0.44184123769078887,0.5240613031684282,0.08831656326573172,0.7343204212501955,0.0839372295500756,8.341588029821177e-4,0.05427245711902404,0,0.004900682967519942,0.03341848704447109,19181,1694,14085,1610,16,1041,0,94,641
municipality,Passaic,3403156550,Passaic,031,161,0.43688827519104256,0.5240613031684282,0.7313041382536825,0.15336631838609524,0.056778711881707473,0.0015736422019649262,0.03684591065681841,1.1341565419567036e-4,0.00952691495243631,0.010490948013099508,70537,51584,10818,4005,111,2599,8,672,740
municipality,Madison,3402742510,Morris,027,162,0.43519890222882773,0.5240613031684282,0.11832083603944028,0.7369664049123221,0.027336600342445533,6.494656668831553e-4,0.0745114246915038,4.132963334710988e-4,0.004959556001653185,0.036842416012280804,16937,2004,12482,463,11,1262,7,84,624
municipality,Roxbury,3402764980,Morris,027,163,0.4339202566913961,0.5240613031684282,0.14553376906318083,0.73485838779956425,0.028191721132897602,3.485838779956427e-4,0.056296296296296296,8.714596949891067e-5,0.004749455337690632,0.029934640522875818,22950,3340,16865,647,8,1292,2,109,687
municipality,Lincoln Park,3402740290,Morris,027,164,0.43332409328822297,0.5240613031684282,0.13458543289051764,0.7366010077874484,0.030416857535501603,6.41319285387082e-4,0.06587265231333028,1.832340815391663e-4,0.005497022446174988,0.02620247366010078,10915,1469,8040,332,7,719,2,60,286
municipality,Hopatcong,3403732910,Sussex,037,165,0.4330135065105213,0.5240613031684282,0.17713410388525275,0.7301907812282412,0.02945272246205264,0.002367358306642529,0.024578749477788608,2.0888455646845844e-4,0.005709511210137864,0.030357888873415957,14362,2544,10487,423,34,353,3,82,436
municipality,Mahwah,3400342750,Bergen,003,166,0.43220335529749354,0.5240613031684282,0.08647545807666654,0.7392003766626123,0.026915682504806374,0.0036489190567740417,0.11103699925452191,7.847137756503315e-5,0.0040412759445992074,0.028602817122454584,25487,2204,18840,686,93,2830,2,103,729
municipality,Wanaque,3403176730,Passaic,031,167,0.42735770743539736,0.5240613031684282,0.1465936202173721,0.739683661747813,0.02695060528408589,0.0023857912874436686,0.04798091366970045,0,0.005478483697092869,0.030926924096492003,11317,1659,8371,305,27,543,0,62,350
municipality,Hanover,3402729550,Morris,027,168,0.4264564498863954,0.5240613031684282,0.07126797029365674,0.7412959051577298,0.022143489813994686,6.813381481229134e-4,0.13272467125434353,3.406690740614567e-4,0.0027253525924916537,0.028820603665599236,14677,1046,10880,325,10,1948,5,40,423
municipality,Freehold,3402525230,Monmouth,025,169,0.4242531465245605,0.5240613031684282,0.10280188865956064,0.7463880799570245,0.04257966015437247,7.916537080494218e-4,0.07308660126099126,1.1309338686420312e-4,0.004043088580395262,0.03019593429274223,35369,3636,26399,1506,28,2585,4,143,1068
municipality,Florham Park,3402723910,Morris,027,170,0.42387584844195736,0.5240613031684282,0.07381803734604687,0.7477155343663091,0.057608263806118394,3.972983710766786e-4,0.08541914978148589,6.356773937226857e-4,0.0032578466428287646,0.0311481922924116,12585,929,9410,725,5,1075,8,41,392
municipality,Glen Rock,3400326640,Bergen,003,171,0.4210726102410284,0.5240613031684282,0.0698920300008242,0.7448281546196324,0.013434435011950878,0,0.13327289211242066,8.241984669908514e-5,0.0020604961674771283,0.036429572240995634,12133,848,9037,163,0,1617,1,25,442
municipality,Hopewell,3402133180,Mercer,021,172,0.4189166524515049,0.5240613031684282,0.05940197816019667,0.7494139843348008,0.033502944371391,5.145503401749471e-4,0.11634554913955748,4.0020582013607e-4,0.005088331141730033,0.035332456692013035,17491,1039,13108,586,9,2035,7,89,618
municipality,Morris,3402748090,Morris,027,173,0.4184997140874136,0.5240613031684282,0.1035083137459737,0.7509793679811961,0.04435448768172717,3.917471924784539e-4,0.05954557325672499,3.917471924784539e-4,0.005092713502219901,0.035736049447201185,22974,2378,17253,1019,9,1368,9,117,821
municipality,Branchburg,3403507180,Somerset,035,174,0.4167588874014577,0.5240613031684282,0.0746987951807229,0.7510709504685408,0.029317269076305223,4.685408299866131e-4,0.10769745649263722,0,0.0038821954484605085,0.03286479250334672,14940,1116,11221,438,7,1609,0,58,491
municipality,Woolwich,3401582840,Gloucester,015,175,0.41549690228459846,0.5240613031684282,0.05176115130794307,0.7531207760197185,0.10256818001113142,3.180408682515703e-4,0.05088653892025125,7.951021706289258e-5,0.002305796294823885,0.03896000636081737,12577,651,9472,1290,4,640,1,29,490
municipality,Cedar Grove,3401311200,Essex,013,176,0.41510941332048124,0.5240613031684282,0.11286594761171033,0.7514637904468413,0.02349768875192604,0.001386748844375963,0.07827426810477658,1.5408320493066256e-4,0.005007704160246533,0.027349768875192602,12980,1465,9754,305,18,1016,2,65,355
municipality,Moorestown,3400547880,Burlington,005,177,0.41495202928321284,0.5240613031684282,0.046967923202996954,0.7541091079372513,0.054834933270896745,9.365488176071178e-4,0.09683914774057598,0,0.0044017794427534535,0.04191055958791852,21355,1003,16104,1171,20,2068,0,94,895
municipality,Howell,3402533300,Monmouth,025,178,0.4075313775406971,0.5240613031684282,0.1187776677811607,0.7573267086314138,0.036572837476885146,7.284681622055774e-4,0.048956796234379964,1.8678670825784038e-4,0.004931169098006986,0.03251956590769001,53537,6359,40545,1958,39,2621,10,264,1741
municipality,Jackson,3402934680,Ocean,029,179,0.4043748788819491,0.5240613031684282,0.12884326318666303,0.7583185296529106,0.04729775895053293,7.174091281770975e-4,0.02661246242142662,2.220552063405302e-4,0.00654208800218639,0.031446433451762776,58544,7543,44395,2769,42,1558,13,383,1841
municipality,West New York,3401779610,Hudson,017,180,0.40366988346507104,0.5240613031684282,0.7581267009374055,0.1256614756576958,0.023321741759903234,9.638645297853039e-4,0.07077789537345025,1.5119443604475356e-4,0.008447989114000605,0.012549138191714545,52912,40114,6649,1234,51,3745,8,447,664
municipality,Middle,3400945810,Cape May,009,181,0.39921191184953986,0.5240613031684282,0.09602551521099117,0.7640824337585869,0.07674190382728165,0.001619234543670265,0.01830225711481845,5.397448478900883e-4,0.003925417075564278,0.03876349362119725,20380,1957,15572,1564,33,373,11,80,790
municipality,East Hanover,3402719210,Morris,027,182,0.3978858106312365,0.5240613031684282,0.07888338586222422,0.7609185051778479,0.012696983340837461,3.6019810895992794e-4,0.12832057631697433,0,0.0027014858171994596,0.016118865375956776,11105,876,8450,141,4,1425,0,30,179
municipality,Westfield,3403979040,Union,039,183,0.39548758963877717,0.5240613031684282,0.07240912606341841,0.7675625161124001,0.02545759216292859,6.122712039185357e-4,0.0881348285640629,3.222480020623872e-5,0.004833720030935808,0.040957721062129415,31032,2247,23819,790,19,2735,1,150,1271
municipality,Raritan,3401961920,Hunterdon,019,184,0.39509176964309645,0.5240613031684282,0.08099117157845354,0.7672196869535548,0.02507783511749904,6.823900712244637e-4,0.08973429436601697,8.529875890305796e-5,0.004222288565701369,0.03198703458864673,23447,1899,17989,588,16,2104,2,99,750
municipality,Clinton,3401913750,Hunterdon,019,185,0.39422951527955774,0.5240613031684282,0.07930396149574231,0.7694187338022954,0.05605331358756016,5.923731951129211e-4,0.056867826730840426,7.404664938911514e-5,0.0048870788596816,0.03280266567937801,13505,1071,10391,757,8,768,1,66,443
municipality,Waldwick,3400376400,Bergen,003,186,0.39189230599330405,0.5240613031684282,0.13074169815072578,0.7656591767747067,0.01252734141976536,5.965400676078744e-4,0.06363094054483993,0,0.003082123682640684,0.02376217935971366,10058,1315,7701,126,6,640,0,31,239
municipality,Toms River,3402973125,Ocean,029,187,0.3858812814129927,0.5240613031684282,0.12147153125589388,0.7719252289444456,0.03305811102495861,6.810704331607955e-4,0.03960686518996626,1.1525807330413463e-4,0.004662712965485446,0.028479222112785262,95438,11593,73671,3155,65,3780,11,445,2718
municipality,Dover,3402718070,Morris,027,188,0.38326325315842047,0.5240613031684282,0.7697183098591549,0.147670639219935,0.0424160346695558,0.0014626218851570964,0.022914409534127843,0,0.005417118093174431,0.010400866738894909,18460,14209,2726,783,27,423,0,100,192
municipality,Hillsdale,3400331920,Bergen,003,189,0.38071742863408375,0.5240613031684282,0.11219560287883269,0.7750172532781229,0.011337868480725623,2.957704821058858e-4,0.07315389924085576,9.859016070196194e-5,0.004633737552992212,0.023267277925663018,10143,1138,7861,115,3,742,1,47,236
municipality,Evesham,3400522110,Burlington,005,190,0.37762796556837974,0.5240613031684282,0.05396574552598984,0.780997736300346,0.047494981420578314,3.6304617093067956e-4,0.07668816469482766,3.4169051381711013e-4,0.003352838166830393,0.036795797206680046,46826,2527,36571,2224,17,3591,16,157,1723
municipality,Millstone,3402546560,Monmouth,025,191,0.3760780096290057,0.5240613031684282,0.08134155744024672,0.7817077872012336,0.03999614494988435,0.0013492675404780262,0.06042791056283732,0,0.004047802621434078,0.031129529683885892,10376,844,8111,415,14,627,0,42,323
municipality,Chatham,3402712130,Morris,027,192,0.3746299117267877,0.5240613031684282,0.04679959938086133,0.7783847764727306,0.007375034143676591,3.641992169716835e-4,0.12628607848493126,0,0.00518983884184649,0.03560047345898206,10983,514,8549,81,4,1387,0,57,391
municipality,Manalapan,3402542990,Monmouth,025,193,0.36798176496947255,0.5240613031684282,0.0779366825571446,0.7857230167461191,0.021415474880821416,3.1780955873365115e-4,0.08705537220388705,1.222344456667889e-4,0.004498227600537832,0.022931182007089598,40905,3188,32140,876,13,3561,5,184,938
municipality,Denville,3402717650,Morris,027,194,0.36518260452969464,0.5240613031684282,0.07482317180101712,0.7882738060443093,0.01853042614134565,0.001578301280177705,0.0789735196118548,0,0.00239667972175133,0.035424095399544046,17107,1280,13485,317,27,1351,0,41,606
municipality,East Orange,3401319390,Essex,013,195,0.3632394410034492,0.5240613031684282,0.12974774464172845,0.019939090961328506,0.7856260414870999,0.0023559156467275757,0.007197034993966557,8.619203585588692e-5,0.008188243406309257,0.046859736826983855,69612,9032,1388,54689,164,501,6,570,3262
municipality,Franklin Lakes,3400324990,Bergen,003,196,0.36067903177632576,0.5240613031684282,0.07094503113999459,0.7902337756115173,0.015524866865240546,1.8052170773535519e-4,0.09486415741492915,2.7078256160303275e-4,0.004332520985648524,0.023648343713331528,11079,786,8755,172,2,1051,3,48,262
municipality,Cinnaminson,3400512940,Burlington,005,197,0.35954352456838257,0.5240613031684282,0.05403187998124707,0.7935419596812002,0.07049929676511955,8.204406938584154e-4,0.02988748241912799,2.3441162681669012e-4,0.007266760431317393,0.0437177684013127,17064,922,13541,1203,14,510,4,124,746
municipality,Ramsey,3400361680,Bergen,003,198,0.35844475207973014,0.5240613031684282,0.09285038518718745,0.7913907284768212,0.00858224084335721,2.7030679821597514e-4,0.07663197729422895,6.757669955399378e-5,0.004324908771455602,0.025881875929179617,14798,1374,11711,127,4,1134,1,64,383
municipality,Irvington,3401334450,Essex,013,199,0.35595455836452483,0.5240613031684282,0.14687132208709297,0.01606839283379103,0.7880214463188179,0.0013730874852883484,0.00675101346933438,1.1442395710736236e-4,0.007012553942722636,0.03378775990584543,61176,8985,983,48208,84,413,7,429,2067
municipality,West Deptford,3401578800,Gloucester,015,200,0.3552845603154634,0.5240613031684282,0.06162994999324233,0.7957832139478308,0.07473982970671712,0.0013515339910798758,0.02491327656890571,3.15357931251971e-4,0.0035139883768076766,0.037752849484164526,22197,1368,17664,1659,30,553,7,78,838
municipality,Cranford,3403915640,Union,039,201,0.3550143346231127,0.5240613031684282,0.1024447519604143,0.7944814861408144,0.02738289931647587,2.516039753428104e-4,0.03786639828909297,1.6773598356187362e-4,0.004445003564389651,0.03296012076990817,23847,2443,18946,653,6,903,4,106,786
municipality,Verona,3401375815,Essex,013,202,0.3538395279972819,0.5240613031684282,0.09820203129289047,0.7954295909964315,0.022165797419709032,7.548723579467472e-4,0.047762832830085096,1.372495196266813e-4,0.003568487510293714,0.03197913807301674,14572,1431,11591,323,11,696,2,52,466
municipality,Washington,3401577180,Gloucester,015,203,0.35158038208447284,0.5240613031684282,0.05569365408714588,0.798652340941307,0.0687388294266286,5.957639131417302e-4,0.04145695092137971,1.438050824824866e-4,0.002773383733590813,0.03194527189432381,48677,2711,38876,3346,29,2018,7,135,1555
municipality,Clark,3403913150,Union,039,204,0.35110818187091763,0.5240613031684282,0.1251286670097787,0.7942614513638703,0.014861039629439013,2.573340195573855e-4,0.041430777148739065,1.9300051466803912e-4,0.002959341224909933,0.020908389089037572,15544,1945,12346,231,4,644,3,46,325
municipality,Barnegat,3402903050,Ocean,029,205,0.34496069169519294,0.5240613031684282,0.10125123477115575,0.8009960487323016,0.04062397102403688,8.231807704972012e-4,0.01938590714520909,1.6463615409944023e-4,0.002716496542640764,0.03403852486005927,24296,2460,19461,987,20,471,4,66,827
municipality,Hazlet,3402530690,Monmouth,025,206,0.33904377392847507,0.5240613031684282,0.11388819875776397,0.8036273291925465,0.01639751552795031,7.950310559006211e-4,0.03388819875776398,4.4720496894409936e-4,0.0038260869565217392,0.027130434782608695,20125,2292,16173,330,16,682,9,77,546
municipality,Brick,3402907420,Ocean,029,207,0.33577614284119106,0.5240613031684282,0.11162727519695735,0.8060038033143168,0.02813094267861994,8.693289866883999e-4,0.018296658516707417,1.3583265417006248e-4,0.003613148600923662,0.03132301005161641,73620,8218,59338,2071,64,1347,10,266,2306
municipality,East Greenwich,3401519180,Gloucester,015,208,0.3353756241423621,0.5240613031684282,0.049803519562617464,0.8098411071245515,0.05330599692465402,4.2713138561421496e-4,0.04527592687510678,0,0.004015035024773621,0.03733128310268238,11706,583,9480,624,5,530,0,47,437
municipality,Jefferson,3402734980,Morris,027,209,0.33400856240667764,0.5240613031684282,0.09728308501314636,0.8085013146362839,0.017333722855195247,8.764241893076249e-4,0.041873600155808745,3.4083162917518747e-4,0.006232349790631999,0.027558671730450873,20538,1998,16605,356,18,860,7,128,566
municipality,Beachwood,3402904180,Ocean,029,210,0.3324908798183033,0.5240613031684282,0.11879546919605857,0.8071645639561654,0.022009393130122477,6.446265770328759e-4,0.013537158117690394,1.8417902200939314e-4,0.0029468643521502903,0.03471774564877061,10859,1290,8765,239,7,147,2,32,377
municipality,Oakland,3400353850,Bergen,003,211,0.3259367533759334,0.5240613031684282,0.09491684970191402,0.813460935048635,0.009334797615312206,9.413241292751804e-4,0.04745842485095701,7.844367743959836e-5,0.002353310323187951,0.031455914653278946,12748,1210,10370,119,12,605,1,30,401
municipality,Franklin,3401524840,Gloucester,015,212,0.3218093627983738,0.5240613031684282,0.06550671550671551,0.8175213675213675,0.06208791208791209,0.0018315018315018315,0.009706959706959707,0,0.003418803418803419,0.039926739926739924,16380,1073,13391,1017,30,159,0,56,654
municipality,Harrison,3401530180,Gloucester,015,213,0.32027591864031735,0.5240613031684282,0.04728392346602155,0.8195146983358991,0.051609119566014224,6.597756762700682e-4,0.047870390733817166,0,0.0027124111135547247,0.030349681108423135,13641,645,11179,704,9,653,0,37,414
municipality,West Caldwell,3401378510,Essex,013,214,0.31199694115681875,0.5240613031684282,0.08817653468942971,0.8231020704685797,0.012531783508899382,0,0.03995641118779513,0,0.005448601525608427,0.030784598619687614,11012,971,9064,138,0,440,0,60,339
municipality,Union City,3401774630,Hudson,017,215,0.30942246575516996,0.5240613031684282,0.8238784644768111,0.09994313957048506,0.019755354357112658,0.0014433801338407032,0.03490355596378428,1.020571811806558e-4,0.008747758386913353,0.011226289929872136,68589,56509,6855,1355,99,2394,7,600,770
municipality,Ringwood,3403163150,Passaic,031,216,0.3062881641504833,0.5240613031684282,0.09237324243715381,0.8265871325095867,0.014230933106092884,0.009288453344695356,0.01670217298679165,8.521516829995739e-5,0.004005112910097998,0.03672773753728164,11735,1084,9700,167,109,196,1,47,431
municipality,Lakewood,3402938550,Ocean,029,217,0.3061561746341489,0.5240613031684282,0.11666346054247621,0.8241317569067313,0.024341881353674957,6.732860799952648e-4,0.0051717249441394515,5.1791236922712676e-5,0.015211826159013895,0.013754272777046123,135158,15768,111388,3290,91,699,7,2056,1859
municipality,Manchester,3402943140,Ocean,029,218,0.3023825057073044,0.5240613031684282,0.07764601573755957,0.829923528759836,0.04089548930510917,0.001108278842956888,0.0225423916657431,1.3299346115482654e-4,0.002726365953673944,0.02502493627396653,45115,3503,37442,1845,50,1017,6,123,1129
municipality,Wyckoff,3400383050,Bergen,003,219,0.3009321254490689,0.5240613031684282,0.07928851371721435,0.8300874283991558,0.005607476635514018,2.411817907747965e-4,0.05257763038890564,1.808863430810974e-4,0.0013867952969550798,0.030630087428399157,16585,1315,13767,93,4,872,3,23,508
municipality,Sparta,3403769690,Sussex,037,220,0.29951051124531447,0.5240613031684282,0.08010204081632653,0.8315816326530612,0.01576530612244898,5.102040816326531e-4,0.03163265306122449,2.0408163265306123e-4,0.004489795918367347,0.03571428571428571,19600,1570,16299,309,10,620,4,88,700
municipality,Perth Amboy,3402358200,Middlesex,023,221,0.2971454304131067,0.5240613031684282,0.8324734829352767,0.07491521754816365,0.0628292084565986,6.854751425066744e-4,0.011003679919186089,2.164658344757919e-4,0.008135507612381845,0.009740962551410636,55436,46149,4153,3483,38,610,12,451,540
municipality,Readington,3401962250,Hunterdon,019,222,0.29644397092604413,0.5240613031684282,0.07545882936507936,0.8335193452380952,0.013206845238095238,4.96031746031746e-4,0.046130952380952384,0,0.002976190476190476,0.028211805555555556,16128,1217,13443,213,8,744,0,48,455
municipality,Washington,3402777240,Morris,027,223,0.29310302563842683,0.5240613031684282,0.07468263999560366,0.8357971094136396,0.015716876408199153,1.0990822663076331e-4,0.041765126119690056,1.0990822663076331e-4,0.004396329065230533,0.027422102544375448,18197,1359,15209,286,2,760,2,80,499
municipality,Waterford,3400777630,Camden,007,224,0.29117518740646453,0.5240613031684282,0.05911140965358411,0.8375395835332502,0.04730831973898858,9.59600806064677e-4,0.012762690720660205,0,0.0044141637078975145,0.03790423183955475,10421,616,8728,493,10,133,0,46,395
municipality,Vernon,3403775740,Sussex,037,225,0.2849240963280152,0.5240613031684282,0.09674389480275516,0.8391627158064228,0.014804544234725825,0.0016548886304678415,0.009213704266929064,0,0.003757044458359424,0.03466320780033992,22358,2163,18762,331,37,206,0,84,775
municipality,West Milford,3403179460,Passaic,031,226,0.2838618575227072,0.5240613031684282,0.09086155578794948,0.8404392245193468,0.012871048185986646,0.0029362078674282036,0.015203925669696725,1.6088810232483308e-4,0.004022202558120827,0.033504947309146486,24862,2259,20895,320,73,378,4,100,833
municipality,Berkeley,3402905305,Ocean,029,227,0.2741627855090768,0.5240613031684282,0.0841065959683686,0.8469168533162682,0.02466060245920373,7.770718105773186e-4,0.014558668921698588,2.514055857750149e-4,0.002925446816291082,0.025803355121817435,43754,3680,37056,1079,34,637,11,128,1129
municipality,Pennsville,3403357870,Salem,033,228,0.2738366365361108,0.5240613031684282,0.05337432986439609,0.848470514033428,0.031141595711132133,0.001970987070324819,0.015689057079785556,0,0.002601702932828761,0.0467518133081047,12684,677,10762,395,25,199,0,33,593
municipality,Middletown,3402545990,Monmouth,025,229,0.267391480285887,0.5240613031684282,0.07617798706524007,0.8515184931302715,0.012264179059994636,6.407772777396954e-4,0.02782165529162817,1.0431258009715972e-4,0.003457216940363008,0.028015378654665753,67106,5112,57142,823,43,1867,7,232,1880
municipality,Haddon,3400728740,Camden,007,230,0.26388483512898164,0.5240613031684282,0.056273122606607384,0.8546764457714026,0.025702602713052507,2.59622249626793e-4,0.030959953267995066,1.298111248133965e-4,0.0028558447458947233,0.029142597520607515,15407,867,13168,396,4,477,2,44,449
municipality,Wantage,3403776790,Sussex,037,231,0.2570475343200779,0.5240613031684282,0.07288872444732217,0.8578299879752105,0.014059753954305799,7.39987050226621e-4,0.011747294422347608,0,0.005272407732864675,0.03746184441772269,10811,788,9274,152,8,127,0,57,405
municipality,Stafford,3402970320,Ocean,029,232,0.25595274045776917,0.5240613031684282,0.08624244330293182,0.8576021246112451,0.011042387392109585,4.193311667889716e-4,0.014676590837614006,1.7472131949540482e-4,0.0017821574588531292,0.028060243910962016,28617,2468,24542,316,12,420,5,51,803
municipality,Little Egg Harbor,3402940560,Ocean,029,233,0.2545849680588669,0.5240613031684282,0.07414357197844496,0.8592667436489607,0.017657813702848343,0.0011547344110854503,0.010825635103926097,5.29253271747498e-4,0.0026462663587374902,0.033775981524249425,20784,1541,17859,367,24,225,11,55,702
municipality,Pequannock,3402758110,Morris,027,234,0.24529497287304125,0.5240613031684282,0.0786076681009569,0.8644916832573374,0.006293751204161583,5.137756085029863e-4,0.02536767066983495,1.9266585318861986e-4,0.002376212189326312,0.022156573116691284,15571,1224,13461,98,8,395,3,37,345
municipality,Lower,3400941610,Cape May,009,235,0.23286870392589842,0.5240613031684282,0.06660017228090856,0.8724667905880219,0.017273427936709433,0.0011334270299678106,0.006664550936210727,1.3601124359613728e-4,0.001813483247948497,0.03391213673663689,22057,1469,19244,381,25,147,3,40,748
municipality,Mantua,3401543440,Gloucester,015,236,0.22847316771951165,0.5240613031684282,0.039317361339021986,0.8761404660321628,0.031440761404660324,0.0013784049885132918,0.014309156547423695,0,0.003478831637676403,0.03393501805054152,15235,599,13348,479,21,218,0,53,517
municipality,Wall,3402576460,Monmouth,025,237,0.22743463007263798,0.5240613031684282,0.05877474081055608,0.8762299717247879,0.017379830348727615,4.901036757775683e-4,0.016701225259189444,4.14703110273327e-4,0.002752120640904807,0.027257304429783222,26525,1559,23242,461,13,443,11,73,723
municipality,Lacey,3402937380,Ocean,029,238,0.22724960305971553,0.5240613031684282,0.06979584714709475,0.8756238003838771,0.007782236956901064,7.677543186180423e-4,0.011655906473564823,1.7448961786773688e-4,0.0033153027394870007,0.030884662362589427,28655,2000,25091,223,22,334,5,95,885
municipality,Medford,3400545120,Burlington,005,239,0.22532940507218813,0.5240613031684282,0.04518920684165408,0.8779034167449076,0.017512348450830714,5.714985508429604e-4,0.023758011185043067,8.164265012042291e-5,0.0028166714291545905,0.03216720414744663,24497,1107,21506,429,14,582,2,69,788
municipality,Haddonfield,3400728770,Camden,007,240,0.2249799717464801,0.5240613031684282,0.03649402390438247,0.8780876494023905,0.010597609561752989,7.968127490039841e-4,0.02908366533864542,2.3904382470119523e-4,0.003745019920318725,0.040956175298804784,12550,458,11020,133,10,365,3,47,514
municipality,Southampton,3400568610,Burlington,005,241,0.21548379019566521,0.5240613031684282,0.045168169041388,0.8835901909469807,0.02491034215372686,6.784918096345837e-4,0.011534360763787922,8.723466123873219e-4,0.001841620626151013,0.03140447804594359,10317,466,9116,257,7,119,9,19,324
municipality,Point Pleasant,3402959880,Ocean,029,242,0.19911764719245328,0.5240613031684282,0.07005965894092181,0.8918219734966475,0.0030621403304999734,0.0010559104587930944,0.008130510532706827,5.807507523362019e-4,0.0019006388258275698,0.02338841666226704,18941,1327,16892,58,20,154,11,36,443
municipality,Ocean City,3400954360,Cape May,009,243,0.19208368063364933,0.5240613031684282,0.04880220856710304,0.8969632202333244,0.01896874165108202,8.014961261020571e-4,0.009350788137857334,0,0.0018701576275714667,0.023243387656959658,11229,548,10072,213,9,105,0,21,261
municipality,Upper,3400974810,Cape May,009,244,0.15001174006769524,0.5240613031684282,0.029906691123694075,0.9208868330807879,0.00638009410638807,9.570141159582104e-4,0.00645984528271792,4.785070579791052e-4,0.003907807640162692,0.031023207592311988,12539,375,11547,80,12,81,6,49,389
county,Middlesex,NA,NA,023,1,0.7257471972315253,0.6534269819145323,0.2256122730614508,0.3720167946128275,0.09338034326859901,0.0014105423077204905,0.2749214126428556,2.2226727273171363e-4,0.0082922790211447,0.02414408781267021,818834,184739,304620,76463,1155,225115,182,6790,19770
county,Essex,NA,NA,013,2,0.7172615438717556,0.6534269819145323,0.25099843406693456,0.24763349882858496,0.3921314898214351,0.001483387756588451,0.05377219922553078,1.9786596098520255e-4,0.014466065380740236,0.03931705895920077,823790,206770,203998,323034,1222,44297,163,11917,32389
county,Hudson,NA,NA,017,3,0.7161038416047456,0.6534269819145323,0.4034558192340708,0.28524215656411817,0.09876083404868052,0.0014773073408467865,0.17053000304599453,3.2259851023177247e-4,0.01263810816049622,0.027573173095561156,722260,291400,206019,71331,1067,123167,233,9128,19915
county,Mercer,NA,NA,021,4,0.7151310072820214,0.6534269819145323,0.2172409216394139,0.4292047143767254,0.19081811424930983,0.0010963049479719685,0.12711562964535994,2.6810363134423444e-4,0.004865682735187938,0.02939052877468677,376720,81839,161690,71885,413,47887,101,1833,11072
county,Union,NA,NA,039,5,0.7105495738465056,0.6534269819145323,0.3503561575624214,0.3478206745300203,0.20400844306696422,9.81241086907571e-4,0.055330280990101545,1.3363917788106845e-4,0.011088390416789475,0.03028117316891443,546247,191381,189996,111439,536,30224,73,6057,16541
county,Atlantic,NA,NA,001,6,0.6943992755956931,0.6534269819145323,0.2234596976373167,0.4627161994479475,0.1772544252829902,0.0014839575578009065,0.09408696092582744,2.836232874977842e-4,0.005231836714021627,0.035483299146597785,197445,44121,91361,34998,293,18577,56,1033,7006
county,Somerset,NA,NA,035,7,0.6769896308642522,0.6534269819145323,0.1684093996880189,0.4923463996376994,0.09662355960348211,9.057515221657526e-4,0.2047635820795384,2.2476056290779786e-4,0.006031634210570455,0.03069491269561717,298095,50202,146766,28803,270,61039,67,1798,9150
county,Camden,NA,NA,007,8,0.6708759295931326,0.6534269819145323,0.199383060291623,0.4946227777687036,0.19718037086383225,0.0013673474625904467,0.06821337153817256,1.8900195302018122e-4,0.005005051718867761,0.034039018403190166,428567,85449,211979,84505,586,29234,81,2145,14588
county,Cumberland,NA,NA,011,9,0.6691194504101792,0.6534269819145323,0.41458791351463636,0.35753977184205515,0.17282358439939757,0.0038084027212768536,0.014731594162757284,1.0386552876209601e-4,0.004050755621721744,0.0323541122093929,115534,47899,41308,19967,440,1702,12,468,3738
county,Bergen,NA,NA,003,10,0.6537546780741799,0.6534269819145323,0.2333660259430016,0.511360038304412,0.06047617944381376,9.215712016722141e-4,0.16107545814702406,1.5059194217269421e-4,0.007381579387695738,0.02526855563020797,776934,181310,397293,46986,716,125145,117,5735,19632
county,Passaic,NA,NA,031,11,0.6534269819145323,0.6534269819145323,0.43392548629037175,0.3799975609260351,0.10034553547836338,0.0013292953108803025,0.0582572816520661,1.036606435090144e-4,0.006713551088436757,0.01932762861033761,491990,213487,186955,49369,654,28662,51,3303,9509
county,Burlington,NA,NA,005,12,0.5526185045208373,0.6534269819145323,0.07855051357925233,0.6386942847847306,0.16432986815808637,0.0011836336313074194,0.06373340356639348,5.20550916386509e-4,0.0063798472430941795,0.046607898120749225,322735,25351,206129,53035,382,20569,168,2059,15042
county,Warren,NA,NA,041,13,0.535075127533774,0.6534269819145323,0.1939443856139938,0.6458406871396635,0.08816723536102286,6.667451072675216e-4,0.02435580656547829,7.844060085500255e-5,0.0043534533474526415,0.04259324626426638,25497,4945,16467,2248,17,621,2,111,1086
county,Morris,NA,NA,027,14,0.5318167014202098,0.6534269819145323,0.15145138361671448,0.6535557242651368,0.03322616311951942,7.642883710976709e-4,0.12702217964852924,2.0890548810003007e-4,0.004613754133526274,0.029157601357376148,392522,59448,256535,13042,300,49859,82,1811,11445
county,Monmouth,NA,NA,025,15,0.49786747498567474,0.6534269819145323,0.1331645754481617,0.6884571229214587,0.07030429156170008,7.585991472858783e-4,0.06521315824702746,1.5821051734839174e-4,0.0077279752704791345,0.03421606688653872,493014,65652,339419,34661,374,32151,78,3810,16869
county,Gloucester,NA,NA,015,16,0.41110481363712825,0.6534269819145323,0.06754607661096211,0.7564129014510694,0.09675658482910392,0.00101007496045664,0.03598445774018293,1.934186094491438e-4,0.0033225018912041815,0.038773983907571696,232656,15715,175984,22511,235,8372,45,773,9021
county,Hunterdon,NA,NA,019,17,0.36647097072056845,0.6534269819145323,0.07888093443858327,0.7879238884702336,0.029351921627731727,6.028636021100226e-4,0.06812358703843255,5.651846269781462e-5,0.004012810851544838,0.031047475508666163,53080,4187,41823,1558,32,3616,3,213,1648
county,Ocean,NA,NA,029,18,0.3225511682027008,0.6534269819145323,0.10516101072148631,0.8152029613844918,0.0280910135821481,7.725499802151834e-4,0.01848124553556899,1.6444522860456232e-4,0.00639966014652755,0.025727113420957518,583781,61391,475900,16399,451,10789,96,3736,15019
county,Sussex,NA,NA,037,19,0.3201003140666927,0.6534269819145323,0.10524198954283416,0.8166420878580686,0.018098940876793135,0.0013257660395346413,0.019454499411598217,1.0427373344654481e-4,0.004632733014553634,0.034499709523171114,67131,7065,54822,1215,89,1306,7,311,2316
county,Salem,NA,NA,033,20,0.2738366365361108,0.6534269819145323,0.05337432986439609,0.848470514033428,0.031141595711132133,0.001970987070324819,0.015689057079785556,0,0.002601702932828761,0.0467518133081047,12684,677,10762,395,25,199,0,33,593
county,Cape May,NA,NA,009,21,0.2666928187691455,0.6534269819145323,0.06568990257533419,0.8524280643455933,0.03380409334642399,0.001193263348689676,0.010663847141454573,3.0209198701004454e-4,0.002869873876595423,0.033048863378898875,66205,4349,56435,2238,79,706,20,190,2188
state,New Jersey,NA,NA,NA,NA,0.6825270686423857,0.6825270686423857,0.23291383927621184,0.4813147191953423,0.13588069216328238,0.0011899479984057552,0.11002647175447611,2.0864876535884975e-4,0.008062229080029739,0.03040345176689306,7845721,1827377,3776261,1066082,9336,863237,1637,63254,238537
